s1_id,target_id,match_type,s1_raw_name,target_raw_name,s1_norm_name,target_norm_name,s1_raw_addr,target_raw_addr,s1_country,target_country,country_match,failure_pattern
S1-341715761,S3-947265885,multi_match,Southern Software,सदर्न सॉफ्टवेयर,southern software,,"204, Tower 4, Vipul, Lavanya Apartment, Sec 81, Narsinghpur, Gurgaon, Haryana","20, Gurgaon, हरियाणा",india,india,True,transliteration_devanagari_erasure
S1-602029172,S3-630258153,multi_match,F+ Blockchain LLC,F+ LLC Center,f blockchain llc,f llc center,"21 Trafton Street, York, ME",,us,us,True,missing_address
S1-36168988,S3-171284620,multi_match,Great Ace Tech LLP,ग्रेट एस टेक एलएलपी,great ace tech llp,,"H. No. 17, Sector-2A Vasundhara, Ghaziabad, Uttar Pradesh","H. No. 77, Ghaziabad, UP, Sahibabad",india,india,True,transliteration_devanagari_erasure
S1-36168988,S3-276279777,multi_match,Great Ace Tech LLP,ग्रेट एस टेक एलएलपी,great ace tech llp,,"H. No. 17, Sector-2A Vasundhara, Ghaziabad, Uttar Pradesh","H. No. 77, Ghaziabad, Sahibabad, UP",india,india,True,transliteration_devanagari_erasure
S1-492496935,S3-454111581,multi_match,Bharat Services LLP,भारत सर्विसेज एलएलपी,bharat svc llp,,"Plot No 1., Mayur College, Loharwada Road, Chomu, Jaipur, Rajasthan","Plot No 1., Jaipur, RJ",india,india,True,transliteration_devanagari_erasure
S1-876797983,S3-47603703,multi_match,Silver Exports Limited,सिल्वर एक्सपोर्ट्स लिमिटेड,silver exports ltd,,"Plot No. 68, Ground Floor Sector 18, Gurgaon, Haryana","NULL, Gurgaon, Plot No. 6-8, HR",india,india,True,transliteration_devanagari_erasure
S1-542529435,S2-422011533,multi_match,First Builders Private Limited,ફર્સ્ટ બિલ્ડર્સ પ્રાઇવેટ લિમિટેડ,first builders pvt ltd,,"1, Goyagate Society R.V Desai Road, Vadodara, Gujarat","1, VADODARA, ગુજરાત",india,india,True,transliteration_devanagari_erasure
S1-889509780,S3-628025997,multi_match,Jai Enterprises Private Limited,Dr jaienterprises.com,jai ent pvt ltd,dr jaienterprises com,"7, Ottraivadai Street Puzhal, Chennai, Tamil Nadu","7, Chennai, NULL, TN",india,india,True,address_numeric_match
S1-484725602,S3-87211337,multi_match,Tovaus,Toiaus,tovaus,toiaus,"200 Merriman Street, Waterloo, IA","Merriman Street, Waterlo, Iowa",us,us,True,dba_trade_name_or_different
S1-691592700,S2-845613741,multi_match,First Infotech Private Limited,ফার্স্ট ইনফোটেক প্রাইভেট লিমিটেড,first infotech pvt ltd,,"230A, A.J.C. Bose Road Room No. 95, Kolkata, Howrah, West Bengal","230A, CALCUTTA, পশ্চিমবঙ্গ",india,india,True,transliteration_devanagari_erasure
S1-268125733,S3-304304405,multi_match,Shiva Products LLP,சிவா புராடக்ட்ஸ் எல்எல்பி,shiva products llp,,"No.4, Mahadevan Street, Nehru Nagar, Chrompet, Chennai, Tamil Nadu","No.4, Chennai, TN",india,india,True,transliteration_devanagari_erasure
S1-131114284,S3-846550088,multi_match,Super Properties Limited,सुपर प्रॉपर्टीज लिमिटेड,super properties ltd,,"502, Floor-4, Plot-962, A-Wing, Manoj Chs, Kakasaheb G Marg, Prabhadevi, Mumbai, Mumbai City, Maharashtra","00502, Mumbai, MH",india,india,True,transliteration_devanagari_erasure
S1-701927321,S3-595194076,multi_match,Hari It Pvt Ltd,హరి ఐటీ ప్రైవేట్ లిమిటెడ్,hari it pvt ltd,,"7-75, Ayyappa Colony Dammaiguda, Hyderabad, Telangana","7-7, Hyderabad, TG",india,india,True,transliteration_devanagari_erasure
S1-641207351,S3-623231468,multi_match,New Delhi Dealtrade Private Limited,Evodelta,new delhi dealtrade pvt ltd,evodelta,"At House No 1-A, Shop No 3, Upper Ground Floor Blk-3, New Delhi, West Delhi, Delhi","At House No 1-A, Gautam Budh Nagar, दिल्ली",india,india,True,address_numeric_match
S1-641207351,S3-765830449,multi_match,New Delhi Dealtrade Private Limited,Iriviocalo,new delhi dealtrade pvt ltd,iriviocalo,"At House No 1-A, Shop No 3, Upper Ground Floor Blk-3, New Delhi, West Delhi, Delhi","At House No 1-A, Gautam Budh Nagar, DL",india,india,True,address_numeric_match
S1-137539955,S3-532634745,single_match,Innovative Ventures Private Limited,இன்னோவேட்டிவ் வென்ச்சர்ஸ் பிரைவேட் லிமிடெட்,innovative vent pvt ltd,,"No.192, 6Th Street, Krishnamachary Nagar, Valasaravakkam, Chennai, Tamil Nadu","#192, Tiruvallur, தமிழ்நாடு",india,india,True,transliteration_devanagari_erasure
S1-527000111,S3-251131192,multi_match,Figueroa National Vii,Evoquo,figueroa national vii,evoquo,"3340 Colchester Road, Columbus, OH","340 Colchester Rd, Coumbus, Ohio",us,us,True,dba_trade_name_or_different
S1-357158894,S2-122082846,multi_match,Perfect Media Private Limited,ಪರ್ಫೆಕ್ಟ್ ಮೀಡಿಯಾ ಪ್ರೈವೇಟ್ ಲಿಮಿಟೆಡ್,perfect media pvt ltd,,"#1/1, 34Th Cross, 2Nd Blk, Juganahalli, Rajajinagar, Bangalore, Karnataka","#1/1, BANGALORE, ಕರ್ನಾಟಕ",india,india,True,transliteration_devanagari_erasure
S1-803560750,S3-521789387,multi_match,"Barnes, Bard and Castner East Inc",Yumadova,barnes bard and castner east inc,yumadova,"14601 California Avenue, Robbins, IL","California Ave, Posen, Illinois",us,us,True,dba_trade_name_or_different
S1-944212162,S2-496589145,multi_match,Maa Golden Foods Pvt Ltd,मां गोल्डन फूड्स प्रा. लि.,maa golden foods pvt ltd,,"1/5, Geeta Colony, Delhi, East Delhi, Delhi","##1/5, DELHI",india,india,True,transliteration_devanagari_erasure
S1-79338680,S3-777257347,multi_match,City Constructions Private Limited,સિટી કન્સ્ટ્રક્શન્સ પ્રાઇવેટ લિમિટેડ,city constructions pvt ltd,,"Plot No.2, Office No.114, Someshwar Square, Aagam H Village, Surat, Gujarat","#2, Surat, Piplod, ગુજરાત",india,india,True,transliteration_devanagari_erasure
S1-884012007,S2-238079989,multi_match,Urban Infotech Private Limited,अर्बन इंफोटेक प्राइवेट लिमिटेड,urban infotech pvt ltd,,"Maharashtra, Pune, Horizon Avenue, D-Wing Gv-7 Phase 2, Ambegon Bk, Behind Podar School, D-303","D-3-03, PUNE, महाराष्ट्र",india,india,True,transliteration_devanagari_erasure
S1-109419719,S2-966848578,multi_match,Alpha Exports Private Limited,ആൽഫ എക്സ്പോർട്സ് പ്രൈവറ്റ് ലിമിറ്റഡ്,alpha exports pvt ltd,,"P.O.Road, Thrissur, Kerala","THRISSUR, Keralam, THRISSUR, 862 P.O.ROAD",india,india,True,transliteration_devanagari_erasure
S1-887259351,S3-642457374,multi_match,One Constructions Private Limited,ಒನ್ ಕನ್‌ಸ್ಟ್ರಕ್ಷನ್ಸ್ ಪ್ರೈವೇಟ್ ಲಿಮಿಟೆಡ್,one constructions pvt ltd,,"No 7/1, 4Th Cross, Jaijavan Nagar C Banasawadi Road, Bangalore, Karnataka","Door No 7/1, Bengaluru, Bangalore, KA",india,india,True,transliteration_devanagari_erasure
S1-195641855,S2-398342942,multi_match,Digital Projects Limited,డిజిటల్ ప్రాజెక్ట్స్ లిమిటెడ్,digital projects ltd,,"Plot No. 65, Hyderabad, Shaikpet, Telangana, 2Nd Floor, Prashashan Nagar, Road No. 72","PLOT NO. 065, GUNTUR, Telangana",india,india,True,transliteration_devanagari_erasure
S1-84701835,S3-174775292,multi_match,Lakshmi Properties Private Limited,লক্ষ্মী প্রপার্টিজ প্রাইভেট লিমিটেড,lakshmi properties pvt ltd,,"2A, Ganesh Chandra Avenue, 6Th Floor, Room No. 2, Kolkata, Kolkata, Howrah, West Bengal","2A, Gopalnagar Dist Hooghly, পশ্চিমবঙ্গ",india,india,True,transliteration_devanagari_erasure
S1-969751498,S3-672879316,multi_match,Global Infra Pvt Ltd,ગ્લોબલ ઇન્ફ્રા પ્રા. લિ.,global infra pvt ltd,,"A-50, Neminath Krupa Society, B/H Vishram Nagar, Memnagar, Ahmedabad, Gujarat","A-5-0, Ahmedabad, Ahmadabad, GJ",india,india,True,transliteration_devanagari_erasure
S1-97055489,S3-207235733,multi_match,Chiropractic Grand Associates,Pyrasyn,chiropractic grand associates,pyrasyn,"514 Central Avenue, Phoenix, AZ","714 Central Ave, Rio Salado, Arizona",us,us,True,dba_trade_name_or_different
S1-830385570,S3-385396755,multi_match,Goa Industries Private Limited,goaindustriescom,goa ind pvt ltd,goaindustriescom,"Plot No.1, Balaji Ki Chatri, Mataji Ke Mandir Ke Paas, Bhilwara, Rajasthan","No #1, Bhilwara, Shahpura, राजस्थान",india,india,True,address_numeric_match
S1-289004148,S2-985382051,multi_match,High Projects Private Limited,హై ప్రాజెక్ట్స్ ప్రైవేట్ లిమిటెడ్,high projects pvt ltd,,"Flat No.1002, Lh -17, Lanco Hills Near Delhi Public School, Manikonda, Hyderabad, Telangana","FLAT NO.1003, HYDERABAD, Andhra Pradesh",india,india,True,transliteration_devanagari_erasure
S1-480603560,S3-719302784,multi_match,Universal Infotech,यूनिवर्सल इंफोटेक,universal infotech,,"1Stflr, No.10Shweta Heights Kanakia Rd, Opp.Vasudev Skyapt Nr Watertank, Thane, Maharashtra","1Stfl/r9, Thane, MH",india,india,True,transliteration_devanagari_erasure
S1-480603560,S3-449123498,multi_match,Universal Infotech,यूनिवर्सल इंफोटेक,universal infotech,,"1Stflr, No.10Shweta Heights Kanakia Rd, Opp.Vasudev Skyapt Nr Watertank, Thane, Maharashtra","महाराष्ट्र, 1Stfrl/9, Thane",india,india,True,transliteration_devanagari_erasure
S1-563258369,S3-957513229,multi_match,Raj Technologies Pvt Ltd,ರಾಜ್ ಟೆಕ್ನಾಲಜೀಸ್ ಪ್ರೈವೇಟ್ ಲಿಮಿಟೆಡ್,raj technologies pvt ltd,,"11, Sy. N. 48/10, Konan Kunte Chunch Gatta, Main Road, Bangalore, Karnataka","Bangalore, ಕರ್ನಾಟಕ, 011, Bangalore",india,india,True,transliteration_devanagari_erasure
S1-869445737,S3-62172630,multi_match,Aditya Tech Private Limited,आदित्य टेक प्राइवेट लिमिटेड,aditya tech pvt ltd,,"P-5, Mumbai, Studio Anjaneya, One Avighna Park, Mahadev Palav Marg, Parel, Maharashtra, Mumbai","P-##5, MH, Mumbai, Bombay",india,india,True,transliteration_devanagari_erasure
S1-511572462,S3-755090177,multi_match,Foundry Inc,Evosol,foundry inc,evosol,"6005 Median Road, Austin, TX","Autsin, Texas, Median Rd",us,us,True,dba_trade_name_or_different
S1-495906825,S3-333325327,multi_match,Wahpeton Oncology Care Associates LLC,Arcriza,wahpeton oncology care associates llc,arcriza,"627 8th Street, Wahpeton, ND","North Dakota, 627 Eighth Street, Wahpetno",us,us,True,address_numeric_match
S1-607091901,S3-652319783,multi_match,Dream My Builders Private Limited,ड्रीम माय बिल्डर्स प्राइवेट लिमिटेड,dream my builders pvt ltd,,"Plot No D-4, Old Midc, Satara, Maharashtra","Plot No D-4/1, Satara, MH",india,india,True,transliteration_devanagari_erasure
S1-883555081,S2-326231625,multi_match,Indian Services Limited,इंडियन सर्विसेज लिमिटेड,indian svc ltd,,"H-5, Near Sanjay Park, Shakarpur, Delhi","H-5, SHAKARPUR, MANDAWALI FAZALPUR, दिल्ली",india,india,True,transliteration_devanagari_erasure
S1-6770855,S3-883390771,single_match,Galaxy Industries LLP,கேலக்ஸி இண்டஸ்ட்ரீஸ் எல்எல்பி,galaxy ind llp,,"6/4, Kumaran Garden, Ediyarpalayam Pirivu, Kuniamuthur, Coimbatore, Tamil Nadu","6/4, Coimbatore, TN",india,india,True,transliteration_devanagari_erasure
S1-996196567,S3-941021301,multi_match,Swastik Consultants,स्वस्तिक कंसल्टेंट्स,swastik consultants,,"P.N 121, Jaipur, Shri Govind Nagar First, Niwaroo, Jaipur, Rajasthan","P.n 521, Jaipur, RJ",india,india,True,transliteration_devanagari_erasure
S1-342384975,S3-259488787,multi_match,Hitech Future Infra Pvt Ltd,ಹೈಟೆಕ್ ಫ್ಯೂಚರ್ ಇನ್‌ಫ್ರಾ ಪ್ರೈವೇಟ್ ಲಿಮಿಟೆಡ್,hitech future infra pvt ltd,,"7, 3Rd Main Road, Vyalikavalbangalore, Karnataka","7., KA, Vyalikavalbangalore",india,india,True,transliteration_devanagari_erasure
S1-533920867,S3-448639906,single_match,Custom Apparel Products LLC,Zetaaria,custom apparel products llc,zetaaria,"7 Southgate Road, Colonie, NY","7-D Southgate Rd, Albany, New York",us,us,True,address_numeric_match
S1-490983370,S3-716790196,multi_match,Perfect Industries,परफेक्ट इंडस्ट्रीज,perfect ind,,"Floor-G-2, 11, Essar House, Keshavrao Khadye Marg, Oopp Mahalaxmi Race Course, Mahalaxmi, Tardeo, Mumbai, Maharashtra","Floor-g-2, Mumbai, MH",india,india,True,transliteration_devanagari_erasure
S1-458731945,S2-79605600,multi_match,Smart Investments LLP,स्मार्ट इन्वेस्टमेंट्स एलएलपी,smart investments llp,,"7, Prem Bhawan, 234/236, Narshi Natha Street, Mashid Bunder, (W), Mumbai, Thane, Maharashtra","##7, BOMBAY, MUMBAI (SUBURBAN), महाराष्ट्र",india,india,True,transliteration_devanagari_erasure
S1-246435074,S2-579903722,multi_match,Silver Builders Private Limited,சில்வர் பில்டர்ஸ் பிரைவேட் லிமிடெட்,silver builders pvt ltd,,"3, Gateway School Road, Sva Complex, Kazhipattur, Chennai, Tamil Nadu","#3, MADRAS, CHENNAI, தமிழ்நாடு",india,india,True,transliteration_devanagari_erasure
S1-762862396,S3-995081103,multi_match,Real Golden Engineering Limited,રિયલ ગોલ્ડન એન્જિનિયરિંગ લિમિટેડ,real golden engineering ltd,,"B-3, Cellar, Kalapurnam, Nr. Municipal Market, C.G. Road, Navrangpura, Ahmedabad, Gujarat","B-3, Ahmedabad, GJ",india,india,True,transliteration_devanagari_erasure
S1-762862396,S3-318247257,multi_match,Real Golden Engineering Limited,રિયલ ગોલ્ડન એન્જિનિયરિંગ લિમિટેડ,real golden engineering ltd,,"B-3, Cellar, Kalapurnam, Nr. Municipal Market, C.G. Road, Navrangpura, Ahmedabad, Gujarat","B-3, Ahmedabad, GJ",india,india,True,transliteration_devanagari_erasure
S1-623076101,S2-779862867,multi_match,Smart Exports Limited,स्मार्ट एक्सपोर्ट्स लिमिटेड,smart exports ltd,,"H. No. 1057, Haryana, Gurgaon, Sector- 14","हरियाणा, GURGAON, H. NO.",india,india,True,transliteration_devanagari_erasure
S1-613361741,S2-563838887,multi_match,High Infrastructure Private Limited,हाई इंफ्रास्ट्रक्चर प्राइवेट लिमिटेड,high infrastructure pvt ltd,,"1/4, 913, First Floor Gali No. 7, Balbir Nagar Extension, Shah, Dara, Delhi, East Delhi, Delhi","1/4, DELHI, NEW DELHI, Delhi",india,india,True,transliteration_devanagari_erasure
S1-352404943,S2-486995375,multi_match,Urmila International School Corp,Dr Calofluxfaye,urmila intl school corp,dr calofluxfaye,"Plot No: B-22/B, Ii Main Road, Afochs, Sainikpuri, Secunderabad, Hyderabad, Telangana","PLOT NO: B-0022/B, HYDERABAD, తెలంగాణ",india,india,True,dba_trade_name_or_different
S1-379062188,S3-316805871,multi_match,American Wisekey LLC,Evoyumamira,american wisekey llc,evoyumamira,"18 Jenna Road, Wallingford, CT","Jenna Rd, Wallingfoord Township, Connecticut",us,us,True,dba_trade_name_or_different
S1-542154699,S3-803008563,multi_match,Laxmi Agro Private Limited,ലക്ഷ്മി അഗ്രോ പ്രൈവറ്റ് ലിമിറ്റഡ്,laxmi agro pvt ltd,,"Holiday House, 33/2379, Geethanjali Junction Nh Bypass, Thammanam P O, Ernakulam, Kerala","Holiday House, Kochi Region, KL",india,india,True,transliteration_devanagari_erasure
S1-43729167,S3-808159395,multi_match,Eastern Finance Pvt Ltd,ईस्टर्न फाइनेंस प्रा. लि.,eastern finance pvt ltd,,"Sco-2, Second Floor, Eldeco, Murthal, Sonipat, Haryana","Sco-2, Ganaur, हरियाणा",india,india,True,transliteration_devanagari_erasure
S1-739358407,S3-621327245,multi_match,Ace Investment Limited,एस इन्वेस्टमेंट लिमिटेड,ace investment ltd,,"Plot No. 27, Union Park, Tirlok Kapoor Marg, Mumbai, Maharashtra","Plot No. 027, Mumbai, MH",india,india,True,transliteration_devanagari_erasure
S1-706178192,S3-14356048,multi_match,Big Hospitality Private Limited,ਬਿਗ ਹਾਸਪਿਟੈਲਿਟੀ ਪ੍ਰਾਈਵੇਟ ਲਿਮਟਿਡ,big hospitality pvt ltd,,"7, Press Complex Near Aruna Barna Chownk Road, Patiala, Punjab","7, Patiala, PB",india,india,True,transliteration_devanagari_erasure
S1-434472830,S2-592778648,multi_match,Smart Exports Private Limited,स्मार्ट एक्सपोर्ट्स प्राइवेट लिमिटेड,smart exports pvt ltd,,"Shop No.4, Mahavir Dham, Vasant Nagari Vasai (East), Thane, Maharashtra","B3/4, THANE, महाराष्ट्र",india,india,True,transliteration_devanagari_erasure
S1-346153411,S2-184155192,multi_match,Shivam Technologies Private Limited,शिवम टेक्नोलॉजीज प्राइवेट लिमिटेड,shivam technologies pvt ltd,,"B-5, Manas Apartments Mayur Vihar, Phase-1, Delhi, East Delhi, Delhi","DIVREPORTINGCIRCLE, B-5., Delhi",india,india,True,transliteration_devanagari_erasure
S1-268169736,S3-622778444,multi_match,Hitech Prime Projects Private Limited,हाईटेक प्राइम प्रोजेक्ट्स प्राइवेट लिमिटेड,hitech prime projects pvt ltd,,"A-56, Sector-72A, Near Dpg College, Tikri, Dlf Qe, Gurgaon, Haryana","A-5-6, Gurgaon, HR",india,india,True,transliteration_devanagari_erasure
S1-948179401,S2-5176271,multi_match,Indian Ventures Limited,इंडियन वेंचर्स लिमिटेड,indian vent ltd,,"A- 501, 502, Lotus Corporate Park, Off Western Express Highway, Goregoan (E, ), Mumbai, Mumbai City, Maharashtra","A- 501/5, BOMBAY, महाराष्ट्र",india,india,True,transliteration_devanagari_erasure
S1-154776835,S3-184485144,multi_match,Shree Solutions Private Limited,श्री सॉल्यूशंस प्राइवेट लिमिटेड,shree sol pvt ltd,,"Jabalpur, 8, Madhya Pradesh, B Block, 2Nd Floor Johnson Tower, Opp Mahrishi Vidya Mandir, Jabalpur","##8, Jabalpur, MP",india,india,True,transliteration_devanagari_erasure
S1-848942937,S3-918735639,multi_match,Sky Software Limited,स्काई सॉफ्टवेयर लिमिटेड,sky software ltd,,"G-2, Premanchal Apartment 97, Girdhar Nagar, Tilak Nagar, Indore, Madhya Pradesh","Indore, Block C-320. G-2, Indore, MP",india,india,True,transliteration_devanagari_erasure
S1-345219763,S2-832382007,multi_match,Shyam Global Private Limited,श्याम ग्लोबल प्राइवेट लिमिटेड,shyam global pvt ltd,,"Maharashtra, Kolhapur, Shahupuri, 1St Lane, Kolhapur, 614 E","E, NULL, MUMBAI, KOLHAPUR, महाराष्ट्र",india,india,True,transliteration_devanagari_erasure
S1-345219763,S2-795507781,multi_match,Shyam Global Private Limited,श्याम ग्लोबल प्राइवेट लिमिटेड,shyam global pvt ltd,,"Maharashtra, Kolhapur, Shahupuri, 1St Lane, Kolhapur, 614 E","KOLHAPUR, E, NULL, MUMBAI, महाराष्ट्र",india,india,True,transliteration_devanagari_erasure
S1-513561866,S2-458011241,multi_match,Lakshmi Investments Pvt Ltd,लक्ष्मी इन्वेस्टमेंट्स प्रा. लि.,lakshmi investments pvt ltd,,"4, Chandra Nagar, Mukhta Nand Nagar, Gopalpura, Jaipur, Rajasthan","4/1, CHITTAURGARH, JAIPUR, राजस्थान",india,india,True,transliteration_devanagari_erasure
S1-623408884,S2-725402573,multi_match,Raj Technology Private Limited,রাজ টেকনোলজি প্রাইভেট লিমিটেড,raj technology pvt ltd,,"D-6/8, Purbasha Housing Estate, 160, Manicktala Main Road, Kolkata, Kolkata, Howrah, West Bengal","D-#6/8, KOLKATA REGION, পশ্চিমবঙ্গ",india,india,True,transliteration_devanagari_erasure
S1-268524976,S3-490396097,multi_match,Global Management Pvt Ltd,ગ્લોબલ મેનેજમેન્ટ પ્રા. લિ.,global management pvt ltd,,"A/2, Gurukrupa Society, Pilodara Road Balasinor, Dist. Mahisagar, Kheda, Gujarat","Kheda, A/2, ગુજરાત",india,india,True,transliteration_devanagari_erasure
S1-268524976,S3-73907116,multi_match,Global Management Pvt Ltd,ગ્લોબલ મેનેજમેન્ટ પ્રા. લિ.,global management pvt ltd,,"A/2, Gurukrupa Society, Pilodara Road Balasinor, Dist. Mahisagar, Kheda, Gujarat","A/2, Kheda, ગુજરાત",india,india,True,transliteration_devanagari_erasure
S1-765709722,S3-931226814,multi_match,Sunrise Consulting Private Limited,સનરાઇઝ કન્સલ્ટિંગ પ્રાઇવેટ લિમિટેડ,sunrise consulting pvt ltd,,"Junagadh, Subham Estate, Nr. Pgvcl Office, Bahadur, Plot No.5, Junagadh, Gujarat","ગુજરાત, Junagadh, Plot No.5, Junagadh",india,india,True,transliteration_devanagari_erasure
S1-316590260,S2-853503783,multi_match,Southern Producer Private Limited,सदर्न प्रोड्यूसर प्राइवेट लिमिटेड,southern producer pvt ltd,,"B-402, Suncity Heights Apartments, Golf Course Road, Sector-54, Gurgaon, Haryana","B-0402, GURGAON, हरियाणा",india,india,True,transliteration_devanagari_erasure
S1-42156548,S3-986713865,multi_match,IL Truist LLC,Orbifayeecto,il truist llc,orbifayeecto,"3131 Cornwall Road, Dundalk, MD","Cornwall Road, Dndalk, Maryland",us,us,True,dba_trade_name_or_different
S1-854096402,S3-185698041,multi_match,Shyam Developers Limited,ଶ୍ୟାମ ଡେଭଲପର୍ସ୍ ଲିମିଟେଡ୍,shyam developers ltd,,"Flat-302, Kalyani Avenue, Village- Sundara, Barbil, Barbil, Kendujhar, Orissa","Flat-0302, Kendujhar, ଓଡ଼ିଶା",india,india,True,transliteration_devanagari_erasure
S1-95698496,S2-416126079,multi_match,Shivam Systems Private Limited,शिवम सिस्टम्स प्राइवेट लिमिटेड,shivam systems pvt ltd,,"E-10, First Floor, New Delhi, South West Delhi, Delhi","E-10, GURUGRAM, दिल्ली",india,india,True,transliteration_devanagari_erasure
S1-61821975,S2-119877433,multi_match,Global Solutions Private Limited,ग्लोबल सॉल्यूशंस प्राइवेट लिमिटेड,global sol pvt ltd,,"B-128, Basement, Cabin S-1, Dayanand Colony, Lajpat Nagar-4, New Delhi, Delhi","B-00128, NOIDA GREATER ,UNDER ZO  MEERUT, Delhi",india,india,True,transliteration_devanagari_erasure
S1-806395311,S3-874232880,multi_match,"Peckham, Sparkman & Kennedy LLC",Fayeumbra,peckham sparkman and kennedy llc,fayeumbra,"212 3rd Street, Harrisonburg City, VA","00212 3st Street, Harrisonburg, Virginia",us,us,True,address_numeric_match
S1-377072791,S3-366055256,multi_match,Glyphus For Inc.,Veodovanex,glyphus for inc,veodovanex,"7 Wilson Street, Billerica, MA","7 Wison St, PMB 6209, Billerica, Massachusetts",us,us,True,address_numeric_match
S1-953847121,S3-949567753,multi_match,Blue Estate Private Limited,ब्लू एस्टेट प्राइवेट लिमिटेड,blue estate pvt ltd,,"Flat No. 204, 2Nd Flr., B- Wing, Shankar Enclave Rai Residency, Gaondevi Rd., Tisgaon Kal, Yan East, Thane, Maharashtra","Flat No. 2-04, Thane, MH",india,india,True,transliteration_devanagari_erasure
S1-233553576,S2-394950996,multi_match,Galaxy Consulting Pvt Ltd,गैलेक्सी कंसल्टिंग प्रा. लि.,galaxy consulting pvt ltd,,"Shop No. 4, Indira Market, Near Bus Stand, Panipat, Haryana","H.NO 4, NULL, PANIPAT, हरियाणा",india,india,True,transliteration_devanagari_erasure
S1-970003763,S3-96774817,multi_match,Pioneer Estate,પાયોનિયર એસ્ટેટ,pioneer estate,,"Block - A, Shop -114, Ganesh Meridian Opp. High Court, S.G. Highway, Ghatlodia, Ahmedabad, Gujarat","Bock - A, Ahmedabad, GJ",india,india,True,transliteration_devanagari_erasure
S1-603849828,S2-900175517,multi_match,Premier Infra Private Limited,प्रीमियर इंफ्रा प्राइवेट लिमिटेड,premier infra pvt ltd,,"A-394, Vaishali Nagar, Jaipur, Rajasthan","JAIPUR, राजस्थान, JAIPUR, A-294",india,india,True,transliteration_devanagari_erasure
S1-266174227,S2-62101031,multi_match,Ss Foundation Private Limited,एसएस फाउंडेशन प्राइवेट लिमिटेड,ss foundation pvt ltd,,"Flat No. A-9, Iind Floor, Ganpati Enclave, Ajmer Road, Jaipur, Rajasthan","FLAT NO. A-B3/9, JAIPUR, राजस्थान",india,india,True,transliteration_devanagari_erasure
S1-875773720,S2-961782016,multi_match,Sree Investments Private Limited,ஸ்ரீ இன்வெஸ்ட்மெண்ட்ஸ் பிரைவேட் லிமிடெட்,sree investments pvt ltd,,"No.7, 11Th Avenue, Ashok Nagar, Chennai, Tamil Nadu","NO.7, CHENNAI CITY REGION, CHENNAI, தமிழ்நாடு",india,india,True,transliteration_devanagari_erasure
S1-976383283,S2-621554117,multi_match,Ram Krishna Services Private Limited,ராம் கிருஷ்ணா சர்வீசஸ் பிரைவேட் லிமிடெட்,ram krishna svc pvt ltd,,"Flat.No.3, Banyan View, Iii Floor, New.No.39, Karpagam Garden, 1St Main Road, Adyar, Chennai, Tamil Nadu","FLAT.NO.D/3, CHENNAI, தமிழ்நாடு",india,india,True,transliteration_devanagari_erasure
S1-976383283,S3-210139553,multi_match,Ram Krishna Services Private Limited,ராம் கிருஷ்ணா சர்வீசஸ் பிரைவேட் லிமிடெட்,ram krishna svc pvt ltd,,"Flat.No.3, Banyan View, Iii Floor, New.No.39, Karpagam Garden, 1St Main Road, Adyar, Chennai, Tamil Nadu","H.no 3, N/A, Chennai, TN",india,india,True,transliteration_devanagari_erasure
S1-717239432,S3-108210953,multi_match,Golden Energy Private Limited,ಗೋಲ್ಡನ್ ಎನರ್ಜಿ ಪ್ರೈವೇಟ್ ಲಿಮಿಟೆಡ್,golden energy pvt ltd,,"No. 6, Iii Rd Main Road, Cm Halli, Bangalore, Karnataka","No. 6, Bangalore, KA",india,india,True,transliteration_devanagari_erasure
S1-944737343,S3-596956990,multi_match,First Services Pvt Ltd,ഫസ്റ്റ് സർവീസസ് പ്രൈവറ്റ് ലിമിറ്റഡ്,first svc pvt ltd,,"Door No: 504G, Tower 5, Dd Golden Gate, Palachuvadu, Kakkanad, Ernakulam, Kerala","Door No: 504, Ernakulam, KL",india,india,True,transliteration_devanagari_erasure
S1-634537373,S3-327896473,multi_match,Gold Engineering Private Limited,ગોલ્ડ એન્જિનિયરિંગ પ્રાઇવેટ લિમિટેડ,gold engineering pvt ltd,,"Flat 7&8, Plot-1/1Tps-10Fp-86, Radhe Krishna Estate Gujarat Bottling Road Near Keval Kanta, Rakhial, Ahmedabad, Gujarat","Flat 7&8, Ahmedabad Hq Region, Ahmedabad, GJ",india,india,True,transliteration_devanagari_erasure
S1-21060541,S3-376843035,multi_match,Shakti Dream Management Private Limited,शक्ति ड्रीम मैनेजमेंट प्राइवेट लिमिटेड,shakti dream management pvt ltd,,"Merzapur Rustampur, L-7, Gorakhpur, Uttar Pradesh, Gorakhpur","Gorakhpur, L-7, Gorakhpur, UP",india,india,True,transliteration_devanagari_erasure
S1-330456265,S3-225563180,multi_match,Urban Logistics Private Limited,અર્બન લોજિસ્ટિક્સ પ્રાઇવેટ લિમિટેડ,urban logistics pvt ltd,,"Shop No 3, Nirmal Complex, Opp Doctor House, Nr Parimal Crossing, Ellisbridge, Ahmedabad, Gujarat","Mumbai, Ahmedabad, GJ, 3",india,india,True,transliteration_devanagari_erasure
S1-751071656,S3-835112024,multi_match,Dynamic Engineering Private Limited,डायनामिक इंजीनियरिंग प्राइवेट लिमिटेड,dynamic engineering pvt ltd,,"Promoter, Aib/72-C Lig Flats, Paschim Vihar, New Delhi, Haryana","Promoter, Mundka, HR",india,india,True,transliteration_devanagari_erasure
S1-387200680,S3-136639365,multi_match,Guru Consulting Private Limited,గురు కన్సల్టింగ్ ప్రైవేట్ లిమిటెడ్,guru consulting pvt ltd,,"Flat No.303, Infinite Heights, Beta Block, Prashanthi Hills, Nizampet, Hyderabad, Telangana","#3-03, Hyderabad, TG",india,india,True,transliteration_devanagari_erasure
S1-887486287,S3-134900802,multi_match,City Om Solutions Private Limited,सिटी ॐ सॉल्यूशंस प्राइवेट लिमिटेड,city om sol pvt ltd,,"A/5, Lohiya Colony Vaishali Nagar, Jaipur, Rajasthan","A/5, Jaipur, राजस्थान",india,india,True,transliteration_devanagari_erasure
S1-574308843,S3-892095791,multi_match,Good Bharat Projects Private Limited,गुड भारत प्रोजेक्ट्स प्राइवेट लिमिटेड,good bharat projects pvt ltd,,"Flat No.- B-6, 2D Central Green Avenue N.I.T. 5, Faridabad, Haryana","Flat No.- B-##6, Faridabad, HR",india,india,True,transliteration_devanagari_erasure
S1-851979386,S3-954282106,multi_match,Alpha Investment,अल्फा इन्वेस्टमेंट,alpha investment,,"Gurgaon, Haryana, Ground Floor, E 2079, Block E Ansal Esencia, Sector 67, Gurgaon","Ground Floor, Gurugram, हरियाणा",india,india,True,transliteration_devanagari_erasure
S1-851979386,S3-915607222,multi_match,Alpha Investment,अल्फा इन्वेस्टमेंट,alpha investment,,"Gurgaon, Haryana, Ground Floor, E 2079, Block E Ansal Esencia, Sector 67, Gurgaon","Gurugram, Ground Floor, HR",india,india,True,transliteration_devanagari_erasure
S1-524618771,S3-387324287,multi_match,Secure Space,Syndova,secure space,syndova,"2610 N Street, Unit APT 6, Sacramento, CA","Sacramento, # APT 6, 610 N Street, California",us,us,True,address_numeric_match
S1-652943434,S3-812276140,multi_match,Jay Consultancy Private Limited,ஜெய் கன்சல்டன்சி பிரைவேட் லிமிடெட்,jay consultancy pvt ltd,,"New No. 9, Old No 10, Sathyavani Muthu Nagar, 5Th Street, Ennore, Chennai, Tamil Nadu","Thiruvallur, Chennai, TN, 9",india,india,True,transliteration_devanagari_erasure
S1-597639167,S2-214314872,multi_match,Golden Infotech,गोल्डन इंफोटेक,golden infotech,,"1St Floor, Attar Rice Mill Building Babarpur, G.T. Road, Panipat, Haryana","SALWAN, FLOOR, हरियाणा",india,india,True,transliteration_devanagari_erasure
S1-803458754,S3-216040316,multi_match,Bright Projects Pvt Ltd,ব্রাইট প্রজেক্টস প্রাইভেট লিমিটেড,bright projects pvt ltd,,"D-5C/O, Tilak Bose Bazar Para, Uluberia - Ii, Howrah, West Bengal","D-05c/o, Raigad, WB",india,india,True,transliteration_devanagari_erasure
S1-711187093,S3-25766945,multi_match,Best Marketing Private Limited,बेस्ट मार्केटिंग प्राइवेट लिमिटेड,best marketing pvt ltd,,"F. No. 2, Maharashtra, S. No. 126/127, Bhavani Peth, Satara, Satara","Satara, F. No. 3-2, MH, Satara",india,india,True,transliteration_devanagari_erasure
S1-824014873,S2-967026044,multi_match,PQE Industrial Private Limited,Yumabrix,pqe industrial pvt ltd,yumabrix,"11, Ist Main, G.K.W.Layout Vijayanagar, Bangalore, Karnataka","11, MUMBAI, ಕರ್ನಾಟಕ",india,india,True,address_numeric_match
S1-850161960,S2-954275339,multi_match,Al Marketing Pvt Ltd,અલ માર્કેટિંગ પ્રા. લિ.,al marketing pvt ltd,,"Plot No. I, Gujarat, Sub Plot No.-2, R. S. No. 140, 143, 145, Block No. 149, Pipodara, Taluka Mangrol, Surat","PLOT NO. I, SURAT, ગુજરાત",india,india,True,transliteration_devanagari_erasure
S1-29499545,S3-249399156,multi_match,Jay Finance Private Limited,ಜೇ ಫೈನಾನ್ಸ್ ಪ್ರೈವೇಟ್ ಲಿಮಿಟೆಡ್,jay finance pvt ltd,,"# 133, 11Th Cross, 16Th Main, Btm Layout, 1St Stage, Thavarekere, Bangalore, Karnataka","Bangalore, # 633, KA",india,india,True,transliteration_devanagari_erasure
S1-592986256,S3-501842938,multi_match,Shyam Marketing LLP,श्याम मार्केटिंग एलएलपी,shyam marketing llp,,"3Rd Floor, Nirlon House, Dr. Annie Besant Road, Worli, Mumbai, Maharashtra","महाराष्ट्र, Mumbai, No 1 Floor",india,india,True,transliteration_devanagari_erasure
S1-979306108,S2-712826963,multi_match,All Energy Private Limited,ऑल एनर्जी प्राइवेट लिमिटेड,all energy pvt ltd,,"19/1, Y.N.Road, Silverstate, Indore, Madhya Pradesh","019/1, INDORE, मध्य प्रदेश",india,india,True,transliteration_devanagari_erasure
S1-688526390,S3-718487276,multi_match,Good Media Limited,गुड मीडिया लिमिटेड,good media ltd,,"Maharashtra, Pune, Bhosari, Plot No.264 Pcntda, Sector No.7","Secor No.7, Bhosari, महाराष्ट्र",india,india,True,transliteration_devanagari_erasure
S1-204167162,S3-579480326,multi_match,Tirupati Solutions,तिरुपति सॉल्यूशंस,tirupati sol,,"S-106, V-Jai Residency, Plot No. A2/354, Sector-2, Chitrakoot, Jaipur, Rajasthan","S-106, Divreportingcircle, RJ",india,india,True,transliteration_devanagari_erasure
S1-763254920,S3-621142753,multi_match,Vision Vision Media Private Limited,વિઝન વિઝન મીડિયા પ્રાઇવેટ લિમિટેડ,vision vision media pvt ltd,,"Plot No. 9, Shapar Revenue Survey No. 234/1 Sitala Mandir Road, Shapar, Taluka - Kota, Da Sangani, Rajkot, Gujarat","Plot No. 9, Rajkot, GJ",india,india,True,transliteration_devanagari_erasure
S1-753950871,S3-307471116,multi_match,Zest Pharma,... Orbi1yra,zest pharma,orbi1yra,"9Th Floor, Spaze I-Tech Park A-1 Tower, Sector49, Sohna Road, Gurgaon, Haryana","#009Th Floor, Gurgaon, Gurugram, HR",india,india,True,dba_trade_name_or_different
S1-634432849,S3-255016721,multi_match,Krishna Consulting Limited,ક્રિષ્ના કન્સલ્ટિંગ લિમિટેડ,krishna consulting ltd,,"202, Manor Heights, Lotus Hospital, Valsad, Gujarat","02, Valsad, GJ",india,india,True,transliteration_devanagari_erasure
S1-436849943,S3-696430783,multi_match,Tech Swastik Impex Limited,ಟೆಕ್ ಸ್ವಸ್ತಿಕ್ ಇಂಪೆಕ್ಸ್ ಲಿಮಿಟೆಡ್,tech swastik impex ltd,,"Building No.1, #13/H, Kiadb Industrial Area, Doddaballapur, Bengaluru, Bangalore Rural, Karnataka","Building No.1, Bangalore Urban, KA",india,india,True,transliteration_devanagari_erasure
S1-436849943,S3-169550697,multi_match,Tech Swastik Impex Limited,ಟೆಕ್ ಸ್ವಸ್ತಿಕ್ ಇಂಪೆಕ್ಸ್ ಲಿಮಿಟೆಡ್,tech swastik impex ltd,,"Building No.1, #13/H, Kiadb Industrial Area, Doddaballapur, Bengaluru, Bangalore Rural, Karnataka","Building No.1, KA, Bangalore Urban",india,india,True,transliteration_devanagari_erasure
S1-116629926,S2-376976726,multi_match,Innovative Tech Private Limited,ఇన్నోవేటివ్ టెక్ ప్రైవేట్ లిమిటెడ్,innovative tech pvt ltd,,"Hyderabad, Sai Ashirwad Apartment Camelot Layout, Kondapur, Serilingampall, Y Mandal, Hyderabad, Flat No 404/B, Telangana","#4-04/B, HYDERABAD, తెలంగాణ",india,india,True,transliteration_devanagari_erasure
S1-717066370,S3-943803151,multi_match,Ss Gold Producer Pvt Ltd,एसएस गोल्ड प्रोड्यूसर प्रा. लि.,ss gold producer pvt ltd,,"C-1, Panch Sheel Colony Amer Road, Jaipur, Rajasthan","C-1, Jaipur, राजस्थान",india,india,True,transliteration_devanagari_erasure
S1-717066370,S3-380410229,multi_match,Ss Gold Producer Pvt Ltd,एसएस गोल्ड प्रोड्यूसर प्रा. लि.,ss gold producer pvt ltd,,"C-1, Panch Sheel Colony Amer Road, Jaipur, Rajasthan","C-1, Jaipur, राजस्थान",india,india,True,transliteration_devanagari_erasure
S1-717066370,S3-358632444,multi_match,Ss Gold Producer Pvt Ltd,एसएस गोल्ड प्रोड्यूसर प्रा. लि.,ss gold producer pvt ltd,,"C-1, Panch Sheel Colony Amer Road, Jaipur, Rajasthan","C-1, Jaipur, RJ",india,india,True,transliteration_devanagari_erasure
S1-338151729,S3-660856985,multi_match,"Tarbell, Vale, D.D.S.",Kel0ariaveo,tarbell vale d d s,kel0ariaveo,"2 Cheriton Road, Boston, MA","2 Cheriton Rd, West Roxbury, Massachusetts",us,us,True,address_numeric_match
S1-924612832,S3-844956738,multi_match,T+ Construction Group,T+ Group Center,t construction group,t group center,"110 Canterbury Lane, Montgomery Township, PA",,us,us,True,missing_address
S1-425551787,S2-944148547,multi_match,New United Energy Private Limited,న్యూ యునైటెడ్ ఎనర్జీ ప్రైవేట్ లిమిటెడ్,new united energy pvt ltd,,"Plot.No23, Sy.No.103, Tulasi Nagar Jahangeerabad, Hyderabad, Telangana","NO 23., HYDERABAD, తెలంగాణ",india,india,True,transliteration_devanagari_erasure
S1-137162950,S3-308462684,multi_match,Seven Finance Private Limited,সেভেন ফাইন্যান্স প্রাইভেট লিমিটেড,seven finance pvt ltd,,"B/3, Rabindra Sarani 3Rd Lane P.O. Nimta, Kolkata, Kolkata, Howrah, West Bengal","B/3, Kolkata, WB",india,india,True,transliteration_devanagari_erasure
S1-920862756,S2-678490807,multi_match,Indo Services Private Limited,இண்டோ சர்வீசஸ் பிரைவேட் லிமிடெட்,indo svc pvt ltd,,"12 A, Vembakottai Road, Sattur, Virudhunagar, Tamil Nadu","4 A, SATTUR, தமிழ்நாடு",india,india,True,transliteration_devanagari_erasure
S1-459745712,S3-570121786,multi_match,One Products Private Limited,ಒನ್ ಪ್ರೊಡಕ್ಟ್ಸ್ ಪ್ರೈವೇಟ್ ಲಿಮಿಟೆಡ್,one products pvt ltd,,"D. No. 3 78, Sujatha Nivasa, Bangle House Arkula Village, Mangalore, Dakshina Kannada, Karnataka","Door No 3 78, Manglore, N/A, KA",india,india,True,transliteration_devanagari_erasure
S1-505471897,S3-575832008,multi_match,Blue Technologies Pvt Ltd,ब्लू टेक्नोलॉजीज प्रा. लि.,blue technologies pvt ltd,,"145, Kika Street, Gulalwadi, Mumbai, Maharashtra","144, Mumbai, MH",india,india,True,transliteration_devanagari_erasure
S1-325387243,S3-534432137,multi_match,Stag LLC,LLC Stlg,stag llc,llc stlg,"607 M Avenue, OR, La Grande","#607 M Ave, LAG Rande Township, Oregon",us,us,True,address_numeric_match
S1-641031173,S2-701632456,multi_match,Classic Global Private Limited,ಕ್ಲಾಸಿಕ್ ಗ್ಲೋಬಲ್ ಪ್ರೈವೇಟ್ ಲಿಮಿಟೆಡ್,classic global pvt ltd,,"Karnataka, Bangalore, No 1/2 'Vaarija', 2Nd Floor, Netaji Road, 3Rd Block, T R Nagar","NO 001/2 'VAARJIA', BENGALURU, BANASHANKARI II STAGE, Karnataka",india,india,True,transliteration_devanagari_erasure
S1-713213352,S2-774563888,multi_match,United Technology Private Limited,यूनाइटेड टेक्नोलॉजी प्राइवेट लिमिटेड,united technology pvt ltd,,"5, Floor-2Nd, Plot- 20, Keshav Niwas, Laxmibai, Jagmohandas Marg, Nepean Sea Road, August Kranti Marg, Mumbai, Maharashtra","G-763 5, BOMBAY, Maharashtra",india,india,True,transliteration_devanagari_erasure
S1-738674774,S3-948780134,multi_match,Oncology Associates LLC,Vantagesyndrex,oncology associates llc,vantagesyndrex,"N6062 Blackhawk Road, Town Of Caledonia, WI","5783 Blackhawk Rd, Portage, Wisconsin",us,us,True,dba_trade_name_or_different
S1-259380729,S3-759077854,multi_match,Royal Software LLP,रॉयल सॉफ्टवेयर एलएलपी,royal software llp,,"2, Floor-1, 42, Purab Apt, Teen Baati, Walkeshwar, Mumbai, Maharashtra","Mumbai, 2, महाराष्ट्र",india,india,True,transliteration_devanagari_erasure
S1-857463152,S3-64468954,multi_match,International Finance Private Limited,इंटरनेशनल फाइनेंस प्राइवेट लिमिटेड,intl finance pvt ltd,,"41/2, Emilia - 4, Vatika City, Sohna Road, Near Badshapur Village, Sector - 49, Gurgaon, Haryana","1/2, HR, Gurgaon",india,india,True,transliteration_devanagari_erasure
S1-228574779,S3-678448934,multi_match,Sunrise Shree Ventures Private Limited,सनराइज श्री वेंचर्स प्राइवेट लिमिटेड,sunrise shree vent pvt ltd,,"P No. 46, Block-A, Tagore Circle, Jaipur, Rajasthan","P No. 046, Jaipur, राजस्थान",india,india,True,transliteration_devanagari_erasure
S1-714592951,S3-193530489,multi_match,Blue South Impex Private Limited,ब्लू साउथ इम्पेक्स प्राइवेट लिमिटेड,blue south impex pvt ltd,,"Shop No 47, 1St Floor, Citi Mall, Ward No :K/West, New Link Road, Near Infiniti Mall, Andhe, Ri West, Mumbai, Mumbai City, Maharashtra","Shop No 48, Mumbai, MH",india,india,True,transliteration_devanagari_erasure
S1-18482947,S2-596574097,multi_match,True Solution Private Limited,Arialumvera,true solution pvt ltd,arialumvera,"A-9, Sidco Pharmaceuticalindustrial Estate Alathur Kanchipuram Dt - 603 110, Kanchipuram, Tamil Nadu","A-9, KANCHIPURAM, CHENNAI, தமிழ்நாடு",india,india,True,address_numeric_match
S1-363430822,S3-66587621,multi_match,Big Foundation Private Limited,बिग फाउंडेशन प्राइवेट लिमिटेड,big foundation pvt ltd,,"Mumbai, Altimus, Pandurang Budhkar Road, Maharashtra, Mumbai, 17Th Floor","Floor, Mumbai, MH",india,india,True,transliteration_devanagari_erasure
S1-417275957,S2-48023306,multi_match,A Heritage Fortis Inc,Viosyn,a heritage fortis inc,viosyn,"1917 58th Street, Indianapolis, IN","2137. 58RD STREET, INDIANAPOLIS, IN",us,us,True,address_numeric_match
S1-46830916,S2-650094092,multi_match,Supreme Producer LLP,सुप्रीम प्रोड्यूसर एलएलपी,supreme producer llp,,"No 235, 3Rd Floor, Rg Trade Tower, Pitam Pura, Delhi, North West Delhi, Delhi","2-35, CENTRAL DELHI, दिल्ली",india,india,True,transliteration_devanagari_erasure
S1-937354382,S3-954643560,multi_match,Urban Care LLP,அர்பன் கேர் எல்எல்பி,urban care llp,,"No.2, Sathiyamoorthy Street New Perungalathur, Chennai, Tamil Nadu","Chennai, TN, Door No 2",india,india,True,transliteration_devanagari_erasure
S1-489380062,S2-836367153,multi_match,Perfect Food Private Limited,परफेक्ट फूड प्राइवेट लिमिटेड,perfect food pvt ltd,,"A-6, Neelkant, Bhatwadi, 415 Barve Ngr, Mumbai, Maharashtra","NO. 382 A-6, MUMBAI, महाराष्ट्र, MUMBAI",india,india,True,transliteration_devanagari_erasure
S1-283072185,S3-969826269,multi_match,Literacy Guild,Gildsyn,literacy guild,gildsyn,"827 4th Street, Sidney, MT","0827 4st St, Sidney, Montana",us,us,True,address_numeric_match
S1-427194331,S2-58284928,multi_match,Sun Finance Private Limited,સન ફાઇનાન્સ પ્રાઇવેટ લિમિટેડ,sun finance pvt ltd,,"Survey No. 908P, Plot No. 51P, Bypass Park, Near Tulsi Park, Morbi, Rajkot, Gujarat","H.NO 908P, AHMADABAD, ગુજરાત",india,india,True,transliteration_devanagari_erasure
S1-427194331,S2-219625054,multi_match,Sun Finance Private Limited,સન ફાઇનાન્સ પ્રાઇવેટ લિમિટેડ,sun finance pvt ltd,,"Survey No. 908P, Plot No. 51P, Bypass Park, Near Tulsi Park, Morbi, Rajkot, Gujarat","NO 908P, AHMADABAD, ગુજરાત",india,india,True,transliteration_devanagari_erasure
S1-951153961,S2-482655599,multi_match,Apex Marketing,એપેક્સ માર્કેટિંગ,apex marketing,,"Plot No., 14, Hirabhai Market, Kankaria Road, Ahmedabad, Gujarat","H.NO 688 PLOT NO., AHMEDABAD, ગુજરાત",india,india,True,transliteration_devanagari_erasure
S1-356038913,S3-678311361,multi_match,Solutions Happy Feeds Partners,shfeeds.com,sol happy feeds partners,shfeeds com,"#3, Bangalore, Sector 4, Hsr Layout, Bangalore, Karnataka","#3, Bangalore, KA",india,india,True,address_numeric_match
S1-716997274,S3-500668920,multi_match,Ansha & Sons Limited,Haloorbi,ansha and sons ltd,haloorbi,"6610, Abdulwahed Shah Roza Opp. Mirzapur Court, Mirzapur, Ahmedabad, Gujarat","661, Ahemedabad, GJ",india,india,True,dba_trade_name_or_different
S1-584137914,S2-19896056,multi_match,Gujarat Creative Systems Private Limited,గుజరాత్ క్రియేటివ్ సిస్టమ్స్ ప్రైవేట్ లిమిటెడ్,gujarat creative systems pvt ltd,,"Hyderabad, Plot No.416, Road No.78 Jubilee Hills, Phase Iii, Telangana, Hyderabad","51, HYDERABAD, Andhra Pradesh",india,india,True,transliteration_devanagari_erasure
S1-896455323,S3-976686047,multi_match,Jessika Anderson Grid Partners,Kordovake1o,jessika anderson grid partners,kordovake1o,"NC, Charlotte, 1432 Quail Street","PO Box 3108, 432 Quail Street, Charoltte, North Carolina",us,us,True,dba_trade_name_or_different
S1-214930249,S3-298069659,multi_match,Citrus Software Public Limited,Dr Drexvio,citrus software public ltd,dr drexvio,"Krishna, Isaka Vaagu, Revenue Ward No.08, Andhra Pradesh, D.No 8-1/3","D.no 8-1/3, Krishna, ఆంధ్రప్రదేశ్",india,india,True,address_numeric_match
S1-935028241,S3-662254859,multi_match,Pioneer Engineering Private Limited,Lumnyla,pioneer engineering pvt ltd,lumnyla,"Hyderabad, Telangana, A 7, Ameerpet, Industrial Estate, Sanath Nagar","A 1-7, Hyderabad City Region, Hyderabad, TG",india,india,True,address_numeric_match
S1-323369636,S2-748710095,multi_match,Infrastructure Rajam Events Private Limited,Ariayumalum,infrastructure rajam events pvt ltd,ariayumalum,"Maharashtra, Pune, Flat No. B 2 / 2, Pune, Ganga Residency Behind Mantri Market, Hadapsar","FLAT NO. B 2 / 2, PUNE, महाराष्ट्र",india,india,True,address_numeric_match
S1-518739772,S3-419269353,multi_match,Krishna Technologies LLP,কৃষ্ণ টেকনোলজিস এলএলপি,krishna technologies llp,,"23A, Netaji Subhas Road, 6Thflooroom No, 19, Kolkata, Howrah, West Bengal","3A, Kolkata, WB",india,india,True,transliteration_devanagari_erasure
S1-635537584,S3-40759113,multi_match,Osb Services (India) Pvt. Ltd.,@Osbservices,osb svc india pvt ltd,osbservices,"Plot No, 140 3Rd Floor, Ae Ext Iii, Faridabad, Haryana","हरियाणा, Plot No, Faridabad",india,india,True,dba_trade_name_or_different
S1-88383643,S3-716597541,multi_match,Ajit Traders Private Limited,Halojax,ajit traders pvt ltd,halojax,"A-202, Platinum Oak, Lok Prabhat Complex, Vasai, Vasai, Thane, Maharashtra","MH, A-202, Greater Bombay",india,india,True,address_numeric_match
S1-314500720,S2-273404614,multi_match,North Power Private Limited,ನಾರ್ತ್ ಪವರ್ ಪ್ರೈವೇಟ್ ಲಿಮಿಟೆಡ್,north power pvt ltd,,"#1, 7Th Main, 4Th Cross Hongasandra, Begur Main Road, Bangalore, Karnataka","NO 1, BANGALORE, ಕರ್ನಾಟಕ",india,india,True,transliteration_devanagari_erasure
S1-304881286,S3-124102221,multi_match,HZJ International Pvt Ltd,hzjinternational.com,hzj intl pvt ltd,hzjinternational com,"Floor - Grd, B, Manohar Building, K W Chitale Path, Dadar (W), Maharashtra, Mumbai, Mumbai City, 2","2, Mumbai, MH",india,india,True,address_numeric_match
S1-428886002,S3-349804944,multi_match,Black It Private Limited,ब्लैक आईटी प्राइवेट लिमिटेड,black it pvt ltd,,"Pune, Trupti Apt., Maharashtra, Flat No 5, Bhandarkar Road","Trutpi Apt., Pune, MH",india,india,True,transliteration_devanagari_erasure
S1-511289999,S2-503201787,multi_match,O+ Republic Inc,O+ lnc (Partners),o republic inc,o lnc partners,"NC, Fayetteville, 7115 Tabor Church Road",,us,us,True,missing_address
S1-166787916,S3-92816890,multi_match,Sai India Private Limited,Evonyladrex,sai india pvt ltd,evonyladrex,"# 5-G, Green City Swiss City Mahal Sub Urban, Amritsar, Punjab","5-G, Amritsar, PB",india,india,True,address_numeric_match
S1-325978608,S3-421176792,multi_match,Swastik Constructions Private Limited,स्वस्तिक कंस्ट्रक्शंस प्राइवेट लिमिटेड,swastik constructions pvt ltd,,"Flat No 6, Sumitra Apts, Bharatkunj Socy, Off Mehendale Garage Rd, Nr New Karnataka Hi, Gh School, Pune, Maharashtra","Falt No 6, Pune, MH",india,india,True,transliteration_devanagari_erasure
S1-41624269,S2-907862696,multi_match,Vijay Investments Pvt Ltd,ವಿಜಯ್ ಇನ್ವೆಸ್ಟ್‌ಮೆಂಟ್ಸ್ ಪ್ರೈವೇಟ್ ಲಿಮಿಟೆಡ್,vijay investments pvt ltd,,"#5, B 2/1, 1St Floor, Bj Tower, Huskur Gate, Electronic City P.O Bangalore Bangalore, Ka, Electronic, Bangalore, Karnataka","H.NO ##5, ELECTRONIC, ಕರ್ನಾಟಕ",india,india,True,transliteration_devanagari_erasure
S1-500401599,S3-462115845,multi_match,Urban Technology Pvt Ltd,ಅರ್ಬನ್ ಟೆಕ್ನಾಲಜಿ ಪ್ರೈವೇಟ್ ಲಿಮಿಟೆಡ್,urban technology pvt ltd,,"#52, S.M. Layout, Near Manasa School, Choodasandra Circle, Huskur Post, Anekal Taluk, Bangalore, Karnataka","#0052, Bangalore-urban, Bangalore, KA",india,india,True,transliteration_devanagari_erasure
S1-55494266,S3-431866296,multi_match,Al Finance LLP,अल फाइनेंस एलएलपी,al finance llp,,"Flat No C-4/14, First Flr, Manek Nagar Chs Ltd, Borivali West, Mumbai, Maharashtra","Flat No C-4/14, MH, Treasury",india,india,True,transliteration_devanagari_erasure
S1-721570500,S3-660526070,multi_match,Jain Impex Pvt Ltd,जैन इम्पेक्स प्रा. लि.,jain impex pvt ltd,,"3/42, 4Th Floor, Tower 3, Palm Olympia, Gh2, Sec16C, Dadri, Gautam Buddha Nagar, Uttar Pradesh","3/42, Sitapur, उत्तर प्रदेश",india,india,True,transliteration_devanagari_erasure
S1-942995848,S2-472738776,multi_match,Great Global Limited,ग्रेट ग्लोबल लिमिटेड,great global ltd,,"Plot No 308, Epip Hsiidc Kundli, Sonipat, Haryana","PLOT NO 306, SONIPAT, हरियाणा",india,india,True,transliteration_devanagari_erasure
S1-110852113,S3-814820373,multi_match,Green Cargo Brands LLC,Ectolumnyla,green cargo brands llc,ectolumnyla,"611 4th Street, West Branch, IA","611 Fourth St, Springdale Township, Iowa",us,us,True,address_numeric_match
S1-615914534,S2-162999368,multi_match,Classic Finance Private Limited,ಕ್ಲಾಸಿಕ್ ಫೈನಾನ್ಸ್ ಪ್ರೈವೇಟ್ ಲಿಮಿಟೆಡ್,classic finance pvt ltd,,"No.06, 2Nd Floor Jalaram Industrial Estate Arekere Gate, Opp.Agn Kalyana Mantapa, Bannergha, Tta Road, Bangalore, Karnataka","#006, BENGALURU, Karnataka",india,india,True,transliteration_devanagari_erasure
S1-869658100,S3-610588056,multi_match,Laxmi Investments Private Limited,लक्ष्मी इन्वेस्टमेंट्स प्राइवेट लिमिटेड,laxmi investments pvt ltd,,"Kalyan, Shankheshwar Presidency, Bldg No. 3, Tawari Pada, Near R.T.O., Kalyan - West, Thane, Maharashtra, 602/A","02/A, Thane, MH",india,india,True,transliteration_devanagari_erasure
S1-748407991,S3-166248290,multi_match,Gizela Kiefer Platinum Payments LLC,Kornyla | www.kornyla.com,gizela kiefer platinum payments llc,kornyla www kornyla com,"375 Woodwedge Circle, Salisbury, NC","Woodwedge Cir, Salisury, North Carolina",us,us,True,dba_trade_name_or_different
S1-738802579,S2-987220100,multi_match,Star Global,स्टार ग्लोबल,star global,,"B-9, 1320, Vishnu Nagar, J/W, Yamuna Nagar, Haryana, Yamuna Nagar, Haryana","B-B3/9, HARYANA",india,india,True,transliteration_devanagari_erasure
S1-820504613,S3-982864910,multi_match,Hotel Food Private Limited,होटल फूड प्राइवेट लिमिटेड,hotel food pvt ltd,,"1/A, Floor- 1St, Plot-59, National Insurance Building, Dr V B Gandhi Marg, Kala Ghoda, Fort, Mumbai, Mumbai City, Maharashtra","1-1/A, Bangalore Urban, Mumbai, MH",india,india,True,transliteration_devanagari_erasure
S1-86178415,S3-640828759,multi_match,Jay Energy Private Limited,जय एनर्जी प्राइवेट लिमिटेड,jay energy pvt ltd,,"Plot No-1, Rl-196 G Block, Midc Chinchwad, Pune, Chinchwad, Pune, Maharashtra","Plot No-d/1, Pune, MH",india,india,True,transliteration_devanagari_erasure
S1-908858175,S2-81553693,multi_match,Bombay Estate,बॉम्बे एस्टेट,bombay estate,,"Shop No. 1, Sanghavi Tower, Old Mumbai Road, Thane West, Thane, Maharashtra","#1, THANE, महाराष्ट्र",india,india,True,transliteration_devanagari_erasure
S1-908858175,S3-240910328,multi_match,Bombay Estate,बॉम्बे एस्टेट,bombay estate,,"Shop No. 1, Sanghavi Tower, Old Mumbai Road, Thane West, Thane, Maharashtra","महाराष्ट्र, Shop No. 1, Thane",india,india,True,transliteration_devanagari_erasure
S1-516231001,S3-94425365,multi_match,Shyam Services Pvt Ltd,ஷ்யாம் சர்வீசஸ் பிரைவேட் லிமிடெட்,shyam svc pvt ltd,,"Shop No. R-2, Old No.39 Mint Street, Sowcarpet, Chennai, Tamil Nadu","Shop No. R-2, TN, Sowcarpet",india,india,True,transliteration_devanagari_erasure
S1-488932464,S3-415852878,multi_match,High Digital Services Private Limited,hdservices.com,high digital svc pvt ltd,hdservices com,"Mouniya, Gyan Bharati Publicschool, Gaya, Bihar","Mouniya, Buniyadganj, बिहार",india,india,True,dba_trade_name_or_different
S1-488932464,S3-489081800,multi_match,High Digital Services Private Limited,हाई डिजिटल Services प्राइवेट लिमिटेड,high digital svc pvt ltd,svc,"Mouniya, Gyan Bharati Publicschool, Gaya, Bihar","बिहार, Buniyadganj, Mouniya",india,india,True,acronym_short_name
S1-84018534,S3-752123071,multi_match,First Global LLP,ફર્સ્ટ ગ્લોબલ એલએલપી,first global llp,,"Shop No 1, Shreenathji Guest House Building Summair Club Road, Opp Nawanagar Co-Op B, Ank Ltd, Jamnagar, Gujarat","Door No G-1, Jamnagar, null, GJ",india,india,True,transliteration_devanagari_erasure
S1-84018534,S2-736559164,multi_match,First Global LLP,ફર્સ્ટ ગ્લોબલ એલએલપી,first global llp,,"Shop No 1, Shreenathji Guest House Building Summair Club Road, Opp Nawanagar Co-Op B, Ank Ltd, Jamnagar, Gujarat","1, JAMNAGAR, ગુજરાત",india,india,True,transliteration_devanagari_erasure
S1-593684740,S3-242824746,multi_match,Hotel Trading Private Limited,होटल ट्रेडिंग प्राइवेट लिमिटेड,hotel trd pvt ltd,,"H No 537, Opp.- Hanuman Mandir, Old Delhi Gurgaon Road, Dundahera, Gurgaon, Haryana","00537, Gurgaon, HR",india,india,True,transliteration_devanagari_erasure
S1-374023652,S2-479808697,multi_match,Galaxy Constructions Private Limited,ಗ್ಯಾಲಕ್ಸಿ ಕನ್‌ಸ್ಟ್ರಕ್ಷನ್ಸ್ ಪ್ರೈವೇಟ್ ಲಿಮಿಟೆಡ್,galaxy constructions pvt ltd,,"# 3 B, Papaiah Layout Madiwala, Bangalore, Karnataka","#3 B, BENGALURU URBAN, Karnataka",india,india,True,transliteration_devanagari_erasure
S1-461536422,S3-582330999,multi_match,Anand Infrastructure Private Limited,Mirajax,anand infrastructure pvt ltd,mirajax,"203, Hill View Bibwewadi-Kondhwa Road Lullanagar, Pune, Maharashtra","0203, <NULL>, Pune, Wanowrie, MH",india,india,True,dba_trade_name_or_different
S1-229918866,S3-853976526,multi_match,Raj Projects Limited,రాజ్ ప్రాజెక్ట్స్ లిమిటెడ్,raj projects ltd,,"Tadkonda Mandal, Guntur, Andhra Pradesh, 1/37 Damarapalli","Daarapalli, Guntur, AP",india,india,True,transliteration_devanagari_erasure
S1-682286740,S3-438293673,multi_match,Global Impex Private Limited,ग्लोबल इम्पेक्स प्राइवेट लिमिटेड,global impex pvt ltd,,"6/2, Y.N Road, Office No. 203, Sanghi Maker, Indore, Madhya Pradesh","6/2, MP, Indore",india,india,True,transliteration_devanagari_erasure
S1-682286740,S2-643443013,multi_match,Global Impex Private Limited,ग्लोबल इम्पेक्स प्राइवेट लिमिटेड,global impex pvt ltd,,"6/2, Y.N Road, Office No. 203, Sanghi Maker, Indore, Madhya Pradesh","HN 435 6/2, मध्य प्रदेश, INDORE",india,india,True,transliteration_devanagari_erasure
S1-238615736,S3-113419800,multi_match,Krishna Super Infotech Private Limited,ಕೃಷ್ಣ ಸೂಪರ್ ಇನ್‌ಫೋಟೆಕ್ ಪ್ರೈವೇಟ್ ಲಿಮಿಟೆಡ್,krishna super infotech pvt ltd,,"Karnataka, Bangalore, No. 3165, 1St Floor, 60 Ft Service Road, Hal 2Nd Stage, Bangalore North","Bengaluru Hq Region, KA, No 3165",india,india,True,transliteration_devanagari_erasure
S1-889020111,S3-91623358,multi_match,Royal Projects Private Limited,रॉयल प्रोजेक्ट्स प्राइवेट लिमिटेड,royal projects pvt ltd,,"Maharashtra, Bibijan Street Bombay, 31","31, Mumbai Region, MH",india,india,True,transliteration_devanagari_erasure
S1-889020111,S3-10877735,multi_match,Royal Projects Private Limited,रॉयल प्रोजेक्ट्स प्राइवेट लिमिटेड,royal projects pvt ltd,,"Maharashtra, Bibijan Street Bombay, 31","31, Mumbai Region, महाराष्ट्र",india,india,True,transliteration_devanagari_erasure
S1-136361124,S3-398759524,multi_match,Digital Services,डिजिटल सर्विसेज,digital svc,,"Shop No-2, Plot No-12A, Shantiniketan, Sector-8, Kharghar, Panvel, Raigarh(Mh), Maharashtra","#627 Shop No-2, New Bombay, Panvel, महाराष्ट्र",india,india,True,transliteration_devanagari_erasure
S1-556956301,S3-174890607,multi_match,Lakshmi Consulting Private Limited,લક્ષ્મી કન્સલ્ટિંગ પ્રાઇવેટ લિમિટેડ,lakshmi consulting pvt ltd,,"222, Tower C, Siddhi Vinayak Business Towers, Behind Dcp Office, Off S. G. Highway, Ma, Karba, Ahmedabad, Gujarat","220, Ahmedabad, GJ",india,india,True,transliteration_devanagari_erasure
S1-662324564,S2-11995903,multi_match,Tirupati Power Private Limited,तिरुपति पावर प्राइवेट लिमिटेड,tirupati power pvt ltd,,"Shop No.2, 3, 4 Behind Milan Talkies, Hari Sewa Marg, Bhilwara, Rajasthan","D/2, BHILWARA, राजस्थान",india,india,True,transliteration_devanagari_erasure
S1-662324564,S3-713904892,multi_match,Tirupati Power Private Limited,तिरुपति पावर प्राइवेट लिमिटेड,tirupati power pvt ltd,,"Shop No.2, 3, 4 Behind Milan Talkies, Hari Sewa Marg, Bhilwara, Rajasthan","No 2, Bhilwara, RJ",india,india,True,transliteration_devanagari_erasure
S1-359131373,S3-698561405,multi_match,Ss Projects Pvt Ltd,ಎಸ್ಎಸ್ ಪ್ರಾಜೆಕ್ಟ್ಸ್ ಪ್ರೈವೇಟ್ ಲಿಮಿಟೆಡ್,ss projects pvt ltd,,"Bangalore, Kamanahalli Bangalore, New No.904, Oldno.18A, Villa Maria, New 3Rd H Main, Old 6Th Cross, Ramaiah Layout, St.Thomas, Town Post, Karnataka","#B3/904, Bengaluru, ಕರ್ನಾಟಕ",india,india,True,transliteration_devanagari_erasure
S1-792378179,S3-509186037,multi_match,Baba Exports,बाबा एक्सपोर्ट्स,baba exports,,"338, First Floor New Lajpat Rai Market, Chandni Chowk, Delhi, Central Delhi, Delhi","0338, Delhi, DL",india,india,True,transliteration_devanagari_erasure
S1-214425181,S3-698127699,multi_match,Empire American Foods,Jaxcirabrix,empire american foods,jaxcirabrix,"1051 Pacific Street, Hempstead, NY","Pacific St, Baldiwn CDP, New York",us,us,True,dba_trade_name_or_different
S1-925639032,S3-590269972,multi_match,Raviam Technologies LLP,Irinovi,raviam technologies llp,irinovi,"19, Sukhchain Villa Sukhchain Marg, Dlf Phase-I, Gurgaon, Haryana","HR, Kadipur, 19, Gurugram",india,india,True,address_numeric_match
S1-54747257,S2-763232834,multi_match,D 4 Heritage Rocky,D 4,d 4 heritage rocky,d 4,"2414 Thames Court, Fairfield, CA",,us,us,True,missing_address
S1-674967400,S3-2689297,multi_match,Modern Services Private Limited,मॉडर्न सर्विसेज प्राइवेट लिमिटेड,modern svc pvt ltd,,"At.C/O, Sugriv Vitekar, 203, Tadwale.K, Tal. Dharashiv, Osmanabad, Maharashtra","At.c/o, Osmanabad, Kalamb, MH",india,india,True,transliteration_devanagari_erasure
S1-99324957,S3-175099503,multi_match,Anand Producer Private Limited,आनंद प्रोड्यूसर प्राइवेट लिमिटेड,anand producer pvt ltd,,"A-14A, Flr 14, Centrum Twr, Nanaphadnisrd, Wadala Brdg, Mumbai, Maharashtra","A-14a, Bombay, महाराष्ट्र",india,india,True,transliteration_devanagari_erasure
S1-728735450,S3-152948637,multi_match,Baker Annaly LLC,Orbibeloonyx,baker annaly llc,orbibeloonyx,"AK, 3668 Faa Road, Kenai Peninsula Borough","Homer Township, Faa Rd, Alaska",us,us,True,dba_trade_name_or_different
S1-700140960,S3-65326841,multi_match,Zeque,Zen,zeque,zen,"4523 Ave P 1/2, Galveston, TX","4523d Ave P 1/2, Galveston, Texas",us,us,True,acronym_short_name
S1-856102963,S2-76419463,multi_match,Super Marketing Private Limited,ಸೂಪರ್ ಮಾರ್ಕೆಟಿಂಗ್ ಪ್ರೈವೇಟ್ ಲಿಮಿಟೆಡ್,super marketing pvt ltd,,"No 7/4, First Cross, 8Th Main, Rmv Extention, Sadashiv Nagar, Bangalore, Karnataka","#7/4, BANGALORE, ಕರ್ನಾಟಕ",india,india,True,transliteration_devanagari_erasure
S1-425492327,S3-917208029,multi_match,Classic Technology Private Limited,क्लासिक टेक्नोलॉजी प्राइवेट लिमिटेड,classic technology pvt ltd,,"6, Floor-11, Plot-195, Arcadia Building, Vinayak Kumar Shah Marg, N C P A, Mumbai, Maharashtra","Mumbai, MH, 6",india,india,True,transliteration_devanagari_erasure
S1-951086919,S3-592634568,multi_match,Real Infotech,रियल इंफोटेक,real infotech,,"Flat No.-1102, Orchard Avenue Hayatpur, Sector-93, Gurgaon, Haryana","Flat No.-1102, Gurugram, HR",india,india,True,transliteration_devanagari_erasure
S1-234764852,S3-492291644,multi_match,Anvil,Amnvoil,anvil,amnvoil,"3528 6th Street, Arlington County, VA","3528 Sixth Street, Arlngton, Virginia",us,us,True,address_numeric_match
S1-625776632,S3-861731200,multi_match,Ujjaika Foods Private Limited,Ufprivate.Com,ujjaika foods pvt ltd,ufprivate com,"1-3-294, Bashir Ganj, Beed, Maharashtra","1-3-29, NULL, Beed, MH",india,india,True,address_numeric_match
S1-240413734,S3-30946654,multi_match,Al Solutions Private Limited,अल सॉल्यूशंस प्राइवेट लिमिटेड,al sol pvt ltd,,"13, Silk House, 630, J.S.S. Road, Mumbai, Maharashtra","13, J.s.s. Road, Raipur, MH",india,india,True,transliteration_devanagari_erasure
S1-510385621,S2-811228090,multi_match,Surya Ventures Private Limited,सूर्य वेंचर्स प्राइवेट लिमिटेड,surya vent pvt ltd,,"Jabalpur, 2Nd Floor, Sg Society, Sg Square, Rampur, Jabalpur (M.P.), Flat No. 03, Jabalpur, Madhya Pradesh","BHOPAL, मध्य प्रदेश, NO A-03",india,india,True,transliteration_devanagari_erasure
S1-880786451,S2-404370661,multi_match,Alpha Care LLP,अल्फा केयर एलएलपी,alpha care llp,,"1, Madhorajpura, Phagi, Jaipur, Rajasthan","4-1, JAIPUR, राजस्थान",india,india,True,transliteration_devanagari_erasure
S1-880786451,S3-708511611,multi_match,Alpha Care LLP,अल्फा केयर एलएलपी,alpha care llp,,"1, Madhorajpura, Phagi, Jaipur, Rajasthan","#1, Jaipur, RJ",india,india,True,transliteration_devanagari_erasure
S1-457413585,S3-395966601,multi_match,New Media Private Limited,न्यू मीडिया प्राइवेट लिमिटेड,new media pvt ltd,,"1St Floor, Poonam Sagar Complex, Above Casedela, Opp Shanti Nagar Sector 9, Nr Srushti House, Mira Road, Thane, Maharashtra","Door No 1St Floor, Navi Mumbai, MH",india,india,True,transliteration_devanagari_erasure
S1-214808485,S3-3012775,multi_match,Aafreen Trading Private Limited,Arcxylo,aafreen trd pvt ltd,arcxylo,"House No.5, Harmony Villa, Kanan Vihar, Phase-Ii, Po-Kiit, Ps- Infocity, Bhubaneswar, Khordha, Orissa","House No.5/7, Bhubaneswar, Khurda, OD",india,india,True,address_numeric_match
S1-688177485,S3-731152781,multi_match,Hitech Properties Pvt Ltd,હાઇટેક પ્રોપર્ટીઝ પ્રા. લિ.,hitech properties pvt ltd,,"A- 220 B, 221 B, Swc Hub, Nr. Rajpath Complex, Vasna Bhayli Road, Vadodara, Gujarat","A- 22 B, Vadodara, ગુજરાત",india,india,True,transliteration_devanagari_erasure
S1-516438556,S3-41460373,multi_match,East Business Pvt Ltd,ईस्ट बिजनेस प्रा. लि.,east business pvt ltd,,"49B, K.G.N. Bagh, Niwaru Road Jhotwara, Jaipur, Rajasthan","049B, Jaipur, RJ",india,india,True,transliteration_devanagari_erasure
S1-51682376,S3-634164279,multi_match,Liberty Companies LLC,Fluxaria,liberty companies llc,fluxaria,"1832 Fourth Street, Ingleside, TX","1832 4th St, Ingleide, Texas",us,us,True,address_numeric_match
S1-639475996,S3-24242316,multi_match,Burgos Continental Pmv LLC,Kelonovi,burgos continental pmv llc,kelonovi,"KS, Leoti, 305 1st Street","Leoti, 00305 First Street, Kansas",us,us,True,dba_trade_name_or_different
S1-253921703,S2-588983171,multi_match,New Projects Private Limited,न्यू प्रोजेक्ट्स प्राइवेट लिमिटेड,new projects pvt ltd,,"Plot No.147, 158, Pashupati Nath Nagar Gram Chak Getor, Tahsil Sanganer, Jaipur, Rajasthan","JAIPUR, राजस्थान, #149, JAIPUR",india,india,True,transliteration_devanagari_erasure
S1-621016028,S3-287246537,multi_match,Feify L.L.C.,Bélodrexnex,feify l l c,belodrexnex,"AL, 7201 4th Avenue, Birmingham","Fourth Ave, N/A, Birmingham, Alabama",us,us,True,dba_trade_name_or_different
S1-351862316,S2-357275113,multi_match,Raj Construction Private Limited,राज कंस्ट्रक्शन प्राइवेट लिमिटेड,raj construction pvt ltd,,"Mumbai, Trishul Compalex, B Wing, B Bldg Sindhi Soc, Wadavali Village, Chembur, Maharashtra, Shop 4/B","SHOP 4/B, MUMBAI, महाराष्ट्र, null",india,india,True,transliteration_devanagari_erasure
S1-351862316,S3-596719387,multi_match,Raj Construction Private Limited,राज कंस्ट्रक्शन प्राइवेट लिमिटेड,raj construction pvt ltd,,"Mumbai, Trishul Compalex, B Wing, B Bldg Sindhi Soc, Wadavali Village, Chembur, Maharashtra, Shop 4/B","Shop 4/B, Mumbai, महाराष्ट्र",india,india,True,transliteration_devanagari_erasure
S1-32483734,S3-722708039,multi_match,Aditya Properties Private Limited,आदित्य प्रॉपर्टीज प्राइवेट लिमिटेड,aditya properties pvt ltd,,"Plot No. 32, Damodar Nagar Barra, Kanpur, Uttar Pradesh","#032, Kanpur, UP",india,india,True,transliteration_devanagari_erasure
S1-569733345,S3-22234309,multi_match,Fine Promoter Limited,Zetaflux,fine promoter ltd,zetaflux,"No.7 & 8, Shivakrupa Complex, Neflingin Road, Hubli, Hubli, Dharwar, Karnataka","7 & 8, Hubli, KA",india,india,True,address_numeric_match
S1-904731330,S2-993914274,multi_match,Silver Business Private Limited,சில்வர் பிசினஸ் பிரைவேட் லிமிடெட்,silver business pvt ltd,,"No: 7, Swarnapuri Avenue, Velampalayam, Tirupur, Coimbatore, Tamil Nadu","NO: 7, COIMBATORE, தமிழ்நாடு",india,india,True,transliteration_devanagari_erasure
S1-730733175,S3-772102192,multi_match,"Bowen Keystone Total, LLC",Wexcalo,bowen keystone total llc,wexcalo,"NY, 901 Osgood Avenue, Olean","901 Osrood Avenue, Olaen, New York",us,us,True,address_numeric_match
S1-445708391,S2-731289287,multi_match,East Innovative Media LLP,ಈಸ್ಟ್ ಇನೋವೇಟಿವ್ ಮೀಡಿಯಾ ಎಲ್ಎಲ್‌ಪಿ,east innovative media llp,,"No-3350, First Floor, Banashankari 2Nd Stage, K.R Road, Bangalore, Karnataka","NO-1350, BENGALURU URBAN, Karnataka",india,india,True,transliteration_devanagari_erasure
S1-72715533,S3-359683336,multi_match,Classic Global LLP,क्लासिक ग्लोबल एलएलपी,classic global llp,,"Flat No.502, Lodha Amara, W-11, Kolshet Road, Thane, Maharashtra","Flat No.50, Thane, महाराष्ट्र",india,india,True,transliteration_devanagari_erasure
S1-848560155,S3-607967471,multi_match,Classic Builders Limited,ક્લાસિક બિલ્ડર્સ લિમિટેડ,classic builders ltd,,"40, Shardanagar Sahkari Gruh Mandal, Nr. New Sharda Mandir, Ellisbridge, Ahmedabad, Gujarat","0040, Ahmedabad, ગુજરાત",india,india,True,transliteration_devanagari_erasure
S1-884235185,S2-747565255,multi_match,Modern Shyam Global,மாடர்ன் ஷ்யாம் குளோபல்,modern shyam global,,"Chennai, Room No. 4, Tamil Nadu, Chennai, 1St Floor, No. 12, Maleeswarar Koil Street","தமிழ்நாடு, CHENNAI, ROOM NO. 4.",india,india,True,transliteration_devanagari_erasure
S1-8073784,S2-966943446,multi_match,Bombay Infotech Limited,ಬಾಂಬೆ ಇನ್‌ಫೋಟೆಕ್ ಲಿಮಿಟೆಡ್,bombay infotech ltd,,"3Rd Floor, Commerce House, Millers Road, No.303, Bangalore, Karnataka, Bangalore","305, BENGALURU URBAN, Karnataka",india,india,True,transliteration_devanagari_erasure
S1-636520229,S3-806713711,multi_match,Ace Management Private Limited,एस मैनेजमेंट प्राइवेट लिमिटेड,ace management pvt ltd,,"G-5, Module-7, Mangalam Vihar, Abhay Khand-Iii, Indirapuram, Ghaziabad, Uttar Pradesh","Ghaziabad, G-#5, UP",india,india,True,transliteration_devanagari_erasure
S1-246353718,S3-426113980,multi_match,Tech Foundation Pvt Ltd,टेक फाउंडेशन प्रा. लि.,tech foundation pvt ltd,,"S.No. 7/8, Lane No. 2 Canal Road, Karve Nagar, Pune, Maharashtra","Pune, S.no. 7/8, महाराष्ट्र, Pune",india,india,True,transliteration_devanagari_erasure
S1-346030216,S3-780009635,multi_match,P 9 Certified Group,P  9,p 9 certified group,p 9,"1145 Mcdaniel Avenue, Evanston, IL",,us,us,True,missing_address
S1-178393284,S3-949000885,multi_match,Lotus Products Private Limited,लोटस प्रोडक्ट्स प्राइवेट लिमिटेड,lotus products pvt ltd,,"2571 (2)/4, At Gurudeo Nagar Bramhapuri, Chandrapur, Maharashtra","571 (2)/4, Chandrapur, MH",india,india,True,transliteration_devanagari_erasure
S1-178393284,S3-612242377,multi_match,Lotus Products Private Limited,लोटस प्रोडक्ट्स प्राइवेट लिमिटेड,lotus products pvt ltd,,"2571 (2)/4, At Gurudeo Nagar Bramhapuri, Chandrapur, Maharashtra","H.no 571 (2)/4, Chandrapur, MH",india,india,True,transliteration_devanagari_erasure
S1-84852457,S3-288184793,multi_match,Ram Exports,राम एक्सपोर्ट्स,ram exports,,"Maharashtra, Shalimar Oil, Near Dena Bank Parel, Mumbai, R.7","MH, Dombivli, R.7, Mumbai",india,india,True,transliteration_devanagari_erasure
S1-719688728,S3-541246854,multi_match,Baba South Consultants Private Limited,बाबा साउथ कंसल्टेंट्स प्राइवेट लिमिटेड,baba south consultants pvt ltd,,"F-505, Officer City-2, Rajnagar Extension Nh -58, Ghaziabad, Uttar Pradesh","null, F-505, Lucknow Hq Region, UP",india,india,True,transliteration_devanagari_erasure
S1-855009181,S2-941957731,multi_match,Baba Food Private Limited,பாபா ஃபுட் பிரைவேட் லிமிடெட்,baba food pvt ltd,,"Coimbatore, No.6/1, Tamil Nadu, Building 1St Floor, Sri Vignesh Nagar, Vilankuruchi Road","NO.6/1, COIMBATORE, தமிழ்நாடு",india,india,True,transliteration_devanagari_erasure
S1-88131218,S3-787580310,multi_match,Hotel Producer,હોટેલ પ્રોડ્યુસર,hotel producer,,"Maple Trade Nr.Surdhara Circle, Sal Hospital Road, Th, Altej, Ahmedabad, 1317, Gujarat, Ahmedabad","1317, Ahmadabad, GJ",india,india,True,transliteration_devanagari_erasure
S1-88131218,S2-211919335,multi_match,Hotel Producer,હોટેલ પ્રોડ્યુસર,hotel producer,,"Maple Trade Nr.Surdhara Circle, Sal Hospital Road, Th, Altej, Ahmedabad, 1317, Gujarat, Ahmedabad","AHMEDABAD, ગુજરાત",india,india,True,transliteration_devanagari_erasure
S1-264743517,S2-991045929,multi_match,Maa Products Private Limited,माँ प्रोडक्ट्स प्राइवेट लिमिटेड,maa products pvt ltd,,"Manesar, 1St Floor, Plot No.-36 Royal Enfield Building, Sector-1, Nh-8, Gurgaon, Shop-1, Haryana","SHOP-6, GURUGRAM, Haryana",india,india,True,transliteration_devanagari_erasure
S1-838979433,S3-125727168,multi_match,Alpha Properties Pvt Ltd,ಆಲ್ಫಾ ಪ್ರಾಪರ್ಟೀಸ್ ಪ್ರೈವೇಟ್ ಲಿಮಿಟೆಡ್,alpha properties pvt ltd,,"2/3, Varun2Ndecross, Hanumanthappalayout, Sulthanpallya, Bangalore, Karnataka","2/3, Sulthanpallya, ಕರ್ನಾಟಕ",india,india,True,transliteration_devanagari_erasure
S1-138902853,S3-970281909,multi_match,Korattur Agrotech Ltd,Vantagefaye,korattur agrotech ltd,vantagefaye,"Plot No.7, Sree Sathya Nagar, Vivekananda Nagar Extn, Korattur, Chennai, Tamil Nadu","Plot No.##7, Chennai, TN",india,india,True,address_numeric_match
S1-383195699,S2-288974071,multi_match,My Constructions Private Limited,ಮೈ ಕನ್‌ಸ್ಟ್ರಕ್ಷನ್ಸ್ ಪ್ರೈವೇಟ್ ಲಿಮಿಟೆಡ್,my constructions pvt ltd,,"No.8/22, Ground Floor And First Floor, Ist 'R' Block, 20Th Main, Rajajinagar, Bangalore, Karnataka","NO.##8/22, BENGALURU, ಕರ್ನಾಟಕ",india,india,True,transliteration_devanagari_erasure
S1-794050844,S3-175080334,multi_match,Gold Industries,ગોલ્ડ ઇન્ડસ્ટ્રીઝ,gold ind,,"1, Satyam Bunglows, Ramosana Road, Mehsana, Mahesana, Gujarat","Block G-998 1, Mahesana, GJ",india,india,True,transliteration_devanagari_erasure
S1-958624432,S3-407359203,multi_match,Al Estate Limited,அல் எஸ்டேட் லிமிடெட்,al estate ltd,,"1, Bharath Nagar Neelikonampalayam, Coimbatore, Tamil Nadu","A-1, Coimbatore, TN",india,india,True,transliteration_devanagari_erasure
S1-208891086,S2-991883232,multi_match,Hotel Products Limited,होटल प्रोडक्ट्स लिमिटेड,hotel products ltd,,"No. E-3, Upasana Building, 1-Hailey Road, New Delhi, Central Delhi, Delhi","PLOT 509 NO. E-3, MUMBAI, दिल्ली",india,india,True,transliteration_devanagari_erasure
S1-792328941,S3-812320993,multi_match,"Keiser Next, Inc",Zephdelta,keiser next inc,zephdelta,"213 High Street, Fairport Harbor, OH","224 High Street, Painesville, Ohio",us,us,True,dba_trade_name_or_different
S1-218903461,S3-41169951,multi_match,Fortune Power Pvt Ltd,फॉर्च्यून पावर प्रा. लि.,fortune power pvt ltd,,"G 1/1, Paper Mill Colony Nishatganj, Lucknow, Uttar Pradesh","G D/1/1, Lucknow, UP",india,india,True,transliteration_devanagari_erasure
S1-218903461,S2-413187337,multi_match,Fortune Power Pvt Ltd,फॉर्च्यून पावर प्रा. लि.,fortune power pvt ltd,,"G 1/1, Paper Mill Colony Nishatganj, Lucknow, Uttar Pradesh","G 1/1, LUCKNOW, उत्तर प्रदेश",india,india,True,transliteration_devanagari_erasure
S1-157659074,S3-532188102,multi_match,Capital Equity Partners PLLC,Cpequity.Com,capital equity partners pllc,cpequity com,"35011 Avenue E, Unit UNIT 8, Yucaipa, CA","3501 Avenue E, # UNIT 8, Yucaipa, California",us,us,True,address_numeric_match
S1-494294508,S3-864298160,multi_match,Future Properties Private Limited,ஃபியூச்சர் புராப்பர்ட்டீஸ் பிரைவேட் லிமிடெட்,future properties pvt ltd,,"Second Floor, Old Door No.167, New Door No.112, Eldams Road, Chennai, Chennai, Tamil Nadu","No B3/614 Second Floor, Teynampet, TN",india,india,True,transliteration_devanagari_erasure
S1-124424331,S3-41119207,multi_match,Pioneer Media Group P.C.,Halovera,pioneer media group p c,halovera,"6819 Olive Avenue, Stanwood, WA","Warm Beach, Washington, Olive Ave",us,us,True,dba_trade_name_or_different
S1-182343209,S3-616036476,multi_match,Galaxy Infrastructure Limited,गैलेक्सी इंफ्रास्ट्रक्चर लिमिटेड,galaxy infrastructure ltd,,"Thane, Office No 506, 5Th Floor, A Wing, Ashar Bellezza Near Ashar It Park, Road No 16, Wagle Es, Tate, Maharashtra, Thane","Office No 06, Navi Mumbai Region, MH",india,india,True,transliteration_devanagari_erasure
S1-888118518,S3-506408696,multi_match,Surya Hari Builders Private Limited,सूर्य हरि बिल्डर्स प्राइवेट लिमिटेड,surya hari builders pvt ltd,,"S-5, Shivam Building Sansar Chandra Road, Jaipur, Rajasthan","S-5, Jaipur, Sawai Madhopur, RJ",india,india,True,transliteration_devanagari_erasure
S1-907560794,S3-548805649,single_match,Unique Consultants,यूनिक कंसल्टेंट्स,unique consultants,,"No 65, Iii- Gate No.2 Ganesh Puram, Bareilly, Uttar Pradesh","Door No 6-5, Bareilly, उत्तर प्रदेश",india,india,True,transliteration_devanagari_erasure
S1-274424597,S3-36470292,multi_match,Good Agro Private Limited,ಗುಡ್ ಅಗ್ರೋ ಪ್ರೈವೇಟ್ ಲಿಮಿಟೆಡ್,good agro pvt ltd,,"2, Sujeer House, Nagarth Roadoff Brigade Road, Bangalore, Karnataka","Door No 902 2, Bangalore, KA",india,india,True,transliteration_devanagari_erasure
S1-847087843,S3-793931501,multi_match,Shyam Consulting Private Limited,ಶ್ಯಾಮ್ ಕನ್ಸಲ್ಟಿಂಗ್ ಪ್ರೈವೇಟ್ ಲಿಮಿಟೆಡ್,shyam consulting pvt ltd,,"F2E, Klassic Nest 19Th Main, 25Th Cross, Hsr Layout, Secto, R - 2, Bangalore, Karnataka","Bangalore, KA, F4e",india,india,True,transliteration_devanagari_erasure
S1-392541665,S3-264576328,multi_match,Converge Urja,Kelomiraxylo,converge urja,kelomiraxylo,"Uttar Pradesh, Janki Apartment, Lucknow, Flat No-203","Flat No-20, Lucknow, UP",india,india,True,dba_trade_name_or_different
S1-512720361,S2-996772942,multi_match,Laxmi Logistics,லக்ஷ்மி லாஜிஸ்டிக்ஸ்,laxmi logistics,,"No. 1, Velmurugan Nagar Sivanandhapuram, Saravanampatti, Coimbatore, Tamil Nadu","###1, COIMBATORE, தமிழ்நாடு",india,india,True,transliteration_devanagari_erasure
S1-76080484,S3-396824865,multi_match,OA Trusted Quality,Ariariza,oa trusted quality,ariariza,"34740 Avenue H, Unit UNIT 12, Yucaipa, CA","<NULL>, 3474 Avenue H, California, Yucaipa",us,us,True,dba_trade_name_or_different
S1-847144096,S3-114304465,multi_match,Indo Consulting Private Limited,Fluxavi,indo consulting pvt ltd,fluxavi,"Plot No. 13 T 2, Ward 10A, Gandhidham, Kachchh, Gujarat","T 2, Kachchh, GJ",india,india,True,address_numeric_match
S1-439068118,S3-598782415,multi_match,East Tech Limited,ईस्ट टेक लिमिटेड,east tech ltd,,"K302, Trident Embassy, Gh-05B, Sec-01, Greater Noida, Bishrakh, Gautam Buddha Nagar, Uttar Pradesh","UP, Hn 884 K302, Tilpata Karanwas",india,india,True,transliteration_devanagari_erasure
S1-115597274,S3-838954510,multi_match,United Foundation Private Limited,यूनाइटेड फाउंडेशन प्राइवेट लिमिटेड,united foundation pvt ltd,,"Shop No. 503, Iris Shopping Meadows, Pokhran Road No. 02, Thane, Maharashtra","Mumbai, MH, #503",india,india,True,transliteration_devanagari_erasure
S1-2992592,S3-442049618,multi_match,United Producer Private Limited,યુનાઇટેડ પ્રોડ્યુસર પ્રાઇવેટ લિમિટેડ,united producer pvt ltd,,"Gujarat, Kamrej, Surat, 115, Ground Floor, Golden Plaza, Navagam","115, Vadodara Region, ગુજરાત",india,india,True,transliteration_devanagari_erasure
S1-367392542,S2-232297938,multi_match,Sunrise One Energy Private Limited,ਸਨਰਾਈਜ਼ ਵਨ ਐਨਰਜੀ ਪ੍ਰਾਈਵੇਟ ਲਿਮਟਿਡ,sunrise one energy pvt ltd,,"Flat No. 202 Tower-D, Dhakoli Exotic Grandeur Dhakoli, Derabassi, Mohali, Punjab","TOWER-D, ZIRAKPUR, ਪੰਜਾਬ",india,india,True,transliteration_devanagari_erasure
S1-872190632,S3-492154823,multi_match,Bharat Ventures Limited,भारत वेंचर्स लिमिटेड,bharat vent ltd,,"Shop No.25, Plot No.104, Sati Krupa Shopping Centre, Garodia Nagar, Ghatkopar East, Mumbai, Maharashtra","No 25, Mumabai, महाराष्ट्र",india,india,True,transliteration_devanagari_erasure
S1-872190632,S3-341030224,multi_match,Bharat Ventures Limited,भारत वेंचर्स लिमिटेड,bharat vent ltd,,"Shop No.25, Plot No.104, Sati Krupa Shopping Centre, Garodia Nagar, Ghatkopar East, Mumbai, Maharashtra","#25, Mumabai, महाराष्ट्र",india,india,True,transliteration_devanagari_erasure
S1-240745372,S3-7566734,multi_match,"Leela Sanders, O.D., PC",Nexnylahalo,leela sanders o d pc,nexnylahalo,"6268 C, Palmyra, MO","C, Palmyra, Missouri",us,us,True,dba_trade_name_or_different
S1-747595709,S2-79839706,multi_match,Hari Future Tech Private Limited,ஹரி ஃபியூச்சர் டெக் பிரைவேட் லிமிடெட்,hari future tech pvt ltd,,"No.9, Raj Villa, Sourashtra Nagar First Street, Choolaimedu, Chennai, Tamil Nadu","9, CHENNAI, தமிழ்நாடு",india,india,True,transliteration_devanagari_erasure
S1-591923553,S3-944866379,multi_match,Great Foundation LLP,ग्रेट फाउंडेशन एलएलपी,great foundation llp,,"Level 2, Augusta Point, Sector 53 Golf Course Road, Gurgaon, Haryana","Gurgaon, हरियाणा, Gurgaon, Leel 2",india,india,True,transliteration_devanagari_erasure
S1-812697761,S2-985812048,multi_match,East Business Pvt Ltd,ईस्ट बिजनेस प्रा. लि.,east business pvt ltd,,"Plot No 6, Kamta Faizabad Road, G.N, Lucknow, Uttar Pradesh","PLOT NO 6, LUCKNOW, N/A, उत्तर प्रदेश",india,india,True,transliteration_devanagari_erasure
S1-812697761,S3-473478257,multi_match,East Business Pvt Ltd,ईस्ट बिजनेस प्रा. लि.,east business pvt ltd,,"Plot No 6, Kamta Faizabad Road, G.N, Lucknow, Uttar Pradesh","##6, Lucknow, UP",india,india,True,transliteration_devanagari_erasure
S1-78368786,S2-900407861,multi_match,Universal Healthcare Pvt Ltd,यूनिवर्सल हेल्थकेयर प्रा. लि.,universal healthcare pvt ltd,,"Pvr Saket, 3, Delhi, Local Shopping Complex","BLOCK F-452 3, WEST, DELHI",india,india,True,transliteration_devanagari_erasure
S1-793715787,S3-46089653,multi_match,Red Foundation Private Limited,Synzeph,red foundation pvt ltd,synzeph,"A 1903, Majaswadi Sarvoday Nagar Chs Ltd, Majas Village, Sarvodaya Nagar, Jogeshwari (E), Mumbai, Mumbai, Mumbai City, Maharashtra","A 1902, MH, Chennai",india,india,True,dba_trade_name_or_different
S1-793715787,S3-63052353,multi_match,Red Foundation Private Limited,रेड फाउंडेशन प्राइवेट लिमिटेड,red foundation pvt ltd,,"A 1903, Majaswadi Sarvoday Nagar Chs Ltd, Majas Village, Sarvodaya Nagar, Jogeshwari (E), Mumbai, Mumbai, Mumbai City, Maharashtra","A 1902, Vasai, MH",india,india,True,transliteration_devanagari_erasure
S1-684963707,S3-978625899,multi_match,Digital Business Pvt Ltd,डिजिटल बिजनेस प्रा. लि.,digital business pvt ltd,,"Flat No 705, Ok Plus, Green Heights Sirsi Road, Jaipur, Rajasthan","05, Jaipur, राजस्थान",india,india,True,transliteration_devanagari_erasure
S1-465114764,S3-115295565,multi_match,White Properties,व्हाइट प्रॉपर्टीज,white properties,,"H. No., 830, Sector-15, Faridabad, Haryana","Faridabad, H. No., HR",india,india,True,transliteration_devanagari_erasure
S1-497906218,S3-605244402,multi_match,Urban Infrastructure LLP,अर्बन इंफ्रास्ट्रक्चर एलएलपी,urban infrastructure llp,,"Fl.N.5, Gaurav Residency, Pl.N.1, 2, 3, Sahadeo Ngr, Gp Rd, Nashik, Maharashtra","Fl.n.7-5, Nashik, MH",india,india,True,transliteration_devanagari_erasure
S1-671976247,S3-755387647,multi_match,Sunrise Systems Private Limited,सनराइज सिस्टम्स प्राइवेट लिमिटेड,sunrise systems pvt ltd,,"433 3Rd Floor, Jagriti Enclave, New Delhi, Delhi","3Rd Floor, Paprawat, DL",india,india,True,transliteration_devanagari_erasure
S1-660446082,S3-896058719,multi_match,Urban New Products Private Limited,ಅರ್ಬನ್ ನ್ಯೂ ಪ್ರೊಡಕ್ಟ್ಸ್ ಪ್ರೈವೇಟ್ ಲಿಮಿಟೆಡ್,urban new products pvt ltd,,"Flat No G 1, 1St Floor, Amigo Casa Fe, No. 43/29, 2Nd Floor, Promenade Road, Bangalore, Karnataka","Door No 155 Flat No G 1, Bengaluru, Bangalore, ಕರ್ನಾಟಕ",india,india,True,transliteration_devanagari_erasure
S1-49816219,S3-504984112,multi_match,Shakti Agro Private Limited,शक्ति एग्रो प्राइवेट लिमिटेड,shakti agro pvt ltd,,"C- 3603, Elanza Co Operative Housing Society, Chincholi Bunder Road, Beside Inorbit Mall Malad West, Malad West, Mumbai, Maharashtra","C- C-3603, Greater Bombay, MH",india,india,True,transliteration_devanagari_erasure
S1-584932288,S3-898968305,multi_match,Mcmahan Best Cantor Group,mbcant0r.com,mcmahan best cantor group,mbcant0r com,"5179 1000, Swayzee, IN","517 1000, Sayzee, Indiana",us,us,True,address_numeric_match
S1-418205123,S3-40785316,multi_match,Saiprasad Cube,Ectojax,saiprasad cube,ectojax,"C-502, Srinilaya Asian Manot Road No 2 Banjarahills, Hyderabad, Telangana","C-0502, Hyderabad, తెలంగాణ",india,india,True,dba_trade_name_or_different
S1-380143690,S2-260844995,multi_match,Lakshmi Ram Logistics Limited,ಲಕ್ಷ್ಮಿ ರಾಮ್ ಲಾಜಿಸ್ಟಿಕ್ಸ್ ಲಿಮಿಟೆಡ್,lakshmi ram logistics ltd,,"No. 374, Fourth Floor (4-A) 7Th Cross, Btm 2Nd Stage, Bangalore, Karnataka","NO. 374, BENGALURU URBAN, ಕರ್ನಾಟಕ",india,india,True,transliteration_devanagari_erasure
S1-684545314,S3-375897516,multi_match,Aditya Developers Pvt Ltd,ఆదిత్య డెవలపర్స్ ప్రైవేట్ లిమిటెడ్,aditya developers pvt ltd,,"H.No.11-6-2, Behind Power House Ramaraopet, Kakinada, Kakinada, Guntur, Andhra Pradesh","H.no.11-6-2, Vishakhapatnam, AP",india,india,True,transliteration_devanagari_erasure
S1-684545314,S3-738150806,multi_match,Aditya Developers Pvt Ltd,ఆదిత్య డెవలపర్స్ ప్రైవేట్ లిమిటెడ్,aditya developers pvt ltd,,"H.No.11-6-2, Behind Power House Ramaraopet, Kakinada, Kakinada, Guntur, Andhra Pradesh","AP, Vishakhapatnam, No 11-6-2",india,india,True,transliteration_devanagari_erasure
S1-684545314,S3-929499305,multi_match,Aditya Developers Pvt Ltd,ఆదిత్య డెవలపర్స్ ప్రైవేట్ లిమిటెడ్,aditya developers pvt ltd,,"H.No.11-6-2, Behind Power House Ramaraopet, Kakinada, Kakinada, Guntur, Andhra Pradesh","H.no.11-6-2, Vishakhapatnam, AP",india,india,True,transliteration_devanagari_erasure
S1-473599837,S3-224883641,multi_match,Tirupati Universal Builders Private Limited,তিরুপতি ইউনিভার্সাল বিল্ডার্স প্রাইভেট লিমিটেড,tirupati universal builders pvt ltd,,"S E Side, 1St Fr, Fl 1A, Plot-153 31/2, (Sp-153), Sahapur Colony(W), Kolkata, Kolkata, Howrah, West Bengal","S E Side, Kolkatta, WB",india,india,True,transliteration_devanagari_erasure
S1-268435334,S3-192018054,multi_match,Vision Estate Private Limited,വിഷൻ എസ്റ്റേറ്റ് പ്രൈവറ്റ് ലിമിറ്റഡ്,vision estate pvt ltd,,"12/373 G, Kozhikode, Thottathil, Valiyaparamba, Kerala","G, Kozhikode, Keralam",india,india,True,transliteration_devanagari_erasure
S1-649200120,S3-174545091,multi_match,Vision Industries Private Limited,விஷன் இண்டஸ்ட்ரீஸ் பிரைவேட் லிமிடெட்,vision ind pvt ltd,,"No.2, Velacherry Main Road, Thanthai Periyar Nagar, Madipakkam, Chennai, Tamil Nadu","No.2, Chennai, TN",india,india,True,transliteration_devanagari_erasure
S1-649200120,S3-907948721,multi_match,Vision Industries Private Limited,விஷன் இண்டஸ்ட்ரீஸ் பிரைவேட் லிமிடெட்,vision ind pvt ltd,,"No.2, Velacherry Main Road, Thanthai Periyar Nagar, Madipakkam, Chennai, Tamil Nadu","No.2, Chennai, தமிழ்நாடு",india,india,True,transliteration_devanagari_erasure
S1-56520129,S3-178053264,multi_match,Big Construction Pvt Ltd,બિગ કન્સ્ટ્રક્શન પ્રા. લિ.,big construction pvt ltd,,"Ahmadabad City, Ahmedabad, 7Th Floor, Iscon Elegance, Nr Circle-P, Sg Highway, Satellite, Ahmedabad, Gujarat, 705 B","705/5 B, Shyamal Cross Road, GJ",india,india,True,transliteration_devanagari_erasure
S1-802891731,S2-972661669,multi_match,Silver Infotech Private Limited,సిల్వర్ ఇన్ఫోటెక్ ప్రైవేట్ లిమిటెడ్,silver infotech pvt ltd,,"Flat No G -1, Nirmal Ratna Apartments Gangaram, Chanda Nagar, Hyderabad, Telangana","FLAT NO G -##1, HYDERABAD, తెలంగాణ",india,india,True,transliteration_devanagari_erasure
S1-660819740,S3-956860049,multi_match,Z+ Fields Inc,Z+ Inc Partners,z fields inc,z inc partners,"228 Fenno Street, Revere, MA","Fenno St, Revre, Massachusetts",us,us,True,word_overlap_below_threshold
S1-369617998,S3-388593331,multi_match,Empire Charities Clinic,Onyxjax,empire charities clinic,onyxjax,"18220 Riverway Avenue, WA, Spokane Valley","Riverway Ave, Gerenacres, Washington",us,us,True,dba_trade_name_or_different
S1-544284441,S3-400734701,multi_match,Pioneer Infrastructure Private Limited,பயனியர் இன்ஃப்ராஸ்ட்ரக்சர் பிரைவேட் லிமிடெட்,pioneer infrastructure pvt ltd,,"No.2976, 14Th Main Road, Anna Nagar, Chennai, Tamil Nadu","No.6976, Chennai, தமிழ்நாடு",india,india,True,transliteration_devanagari_erasure
S1-980394833,S3-572697644,multi_match,Future Impex Pvt Ltd,ஃபியூச்சர் இம்பெக்ஸ் பிரைவேட் லிமிடெட்,future impex pvt ltd,,"308, Sai Kiran, Pera Naidu Layout Nehru Street, Ram Nagar, Coimbatore, Tamil Nadu","08, Coimbatore, தமிழ்நாடு",india,india,True,transliteration_devanagari_erasure
S1-793001089,S2-303267885,multi_match,Unique Jain Technologies Limited,यूनिक जैन टेक्नोलॉजीज लिमिटेड,unique jain technologies ltd,,"S.No. 2399/2/A, Tanang Phata, Miraj-Pandharpur Road, A/P - Malgaon, Taluka- Miraj, District- Sangli, Maharashtra, Miraj, Sangli","S.NO. 2399/2/A, GOA-PANAJI REGION, N/A, महाराष्ट्र",india,india,True,transliteration_devanagari_erasure
S1-137813395,S3-861486378,multi_match,Lakshmi Management Private Limited,लक्ष्मी मैनेजमेंट Private Limited,lakshmi management pvt ltd,pvt ltd,"Flat No. A-306, 3Rd Floor, Riddhi Siddhi (The Twins Tower) 6, Gyans Park, Indore, Madhya Pradesh","Flat No. A-06, Inore, Indore, MP",india,india,True,word_overlap_below_threshold
S1-456803082,S2-893103915,multi_match,Southern Producer Private Limited,सदर्न प्रोड्यूसर प्राइवेट लिमिटेड,southern producer pvt ltd,,"Ranade Cottage Chs Ltd, Paranjpe B Scheme, Rd No. 3, Maharashtra, Mumbai, Flat No.1","FLAT NO.1, MUMBAI, महाराष्ट्र",india,india,True,transliteration_devanagari_erasure
S1-262364215,S3-521727221,multi_match,Tech Shiv Technology Private Limited,டெக் சிவ் டெக்னாலஜி பிரைவேட் லிமிடெட்,tech shiv technology pvt ltd,,"No.: 229/10, Thiruveethi Amman Koil, 3Rd Street, Porur, Chennai, Tamil Nadu, Chennai, S F","Kanchipuram, Chennai, தமிழ்நாடு, S F",india,india,True,transliteration_devanagari_erasure
S1-262364215,S3-470465075,multi_match,Tech Shiv Technology Private Limited,டெக் சிவ் டெக்னாலஜி பிரைவேட் லிமிடெட்,tech shiv technology pvt ltd,,"No.: 229/10, Thiruveethi Amman Koil, 3Rd Street, Porur, Chennai, Tamil Nadu, Chennai, S F","S F, Chennai, Kanchipuram, தமிழ்நாடு",india,india,True,transliteration_devanagari_erasure
S1-901099049,S3-847841247,multi_match,Bikaner Inds Pvt Ltd,Úmbrahalo,bikaner inds pvt ltd,umbrahalo,"202, T-A, Runwal Elegante, Lokhandwala Com. Oshiwara, Mumbai, Maharashtra","204, Mumbai, महाराष्ट्र",india,india,True,dba_trade_name_or_different
S1-83688229,S3-805745526,multi_match,Bombay Projects Limited,बॉम्बे प्रोजेक्ट्स लिमिटेड,bombay projects ltd,,"House No.31, Dhavadi, Taluka Ambejogai, District Beed, Dhavadi, Georai, Beed, Maharashtra","House No.31, Bhid, MH",india,india,True,transliteration_devanagari_erasure
S1-339761012,S3-778711453,multi_match,Premier Solutions Private Limited,Mr psprivate.com,premier sol pvt ltd,mr psprivate com,"G-2, Sk Residency, C-59, Hastinapur-C Lalarpura Road, Gandhipath West, Jaipur, Rajasthan","RJ, Plot 802 G-2, Jaipur",india,india,True,address_numeric_match
S1-382940415,S2-275799912,multi_match,Balaji Technologies Pvt Ltd,बालाजी टेक्नोलॉजीज प्रा. लि.,balaji technologies pvt ltd,,"403, 4Th Floor, Vinita Chs, Near Malhar Cinema, Thane, Thane, Maharashtra","40, THANE, महाराष्ट्र",india,india,True,transliteration_devanagari_erasure
S1-382940415,S2-115902790,multi_match,Balaji Technologies Pvt Ltd,बालाजी टेक्नोलॉजीज प्रा. लि.,balaji technologies pvt ltd,,"403, 4Th Floor, Vinita Chs, Near Malhar Cinema, Thane, Thane, Maharashtra","40, THANE, महाराष्ट्र",india,india,True,transliteration_devanagari_erasure
S1-360774873,S3-387794549,multi_match,Sky Developers Private Limited,ಸ್ಕೈ ಡೆವಲಪರ್ಸ್ ಪ್ರೈವೇಟ್ ಲಿಮಿಟೆಡ್,sky developers pvt ltd,,"#9, 2Nd Floor, 7Th Cross Cubben Pet, Bangalore, Karnataka","No 5-9, Bangalore, KA",india,india,True,transliteration_devanagari_erasure
S1-360774873,S3-192133003,multi_match,Sky Developers Private Limited,ಸ್ಕೈ ಡೆವಲಪರ್ಸ್ ಪ್ರೈವೇಟ್ ಲಿಮಿಟೆಡ್,sky developers pvt ltd,,"#9, 2Nd Floor, 7Th Cross Cubben Pet, Bangalore, Karnataka","No 5-9, Bangalore, KA",india,india,True,transliteration_devanagari_erasure
S1-451422069,S3-878404787,multi_match,Star Healthcare LLP,স্টার হেলথকেয়ার এলএলপি,star healthcare llp,,"C/O, Harendra Nath Ghosh Sehara Pourhouse, Oppsite Sehara Bazar, Burdwan, Bardhaman, West Bengal","C/o, Burdwan, Seharabazar, পশ্চিমবঙ্গ",india,india,True,transliteration_devanagari_erasure
S1-926980849,S3-162264186,multi_match,Dynamic Foundation Limited,ಡೈನಾಮಿಕ್ ಫೌಂಡೇಶನ್ ಲಿಮಿಟೆಡ್,dynamic foundation ltd,,"No.F.3, 5Th Floor, Marishtowers, J.C. Road, Bangalore-2., Bangalore, Karnataka","No.f.003, Bangalore, Bangalore-2., KA",india,india,True,transliteration_devanagari_erasure
S1-285190388,S2-856378783,multi_match,Ss Exports LLP,एसएस एक्सपोर्ट्स एलएलपी,ss exports llp,,"Flat No. B-7-1103, Margosa Heights, Sr. No. 57, 5, Mohammadwadi, Pune, Maharashtra","HN 972 FALT NO. B-7-1103, POONA, DEHU ROAD, महाराष्ट्र",india,india,True,transliteration_devanagari_erasure
S1-326874125,S3-230627031,multi_match,Guru Solutions,ગુરુ સોલ્યુશન્સ,guru sol,,"B/4, Imperial Plus Com., Zanzarda Road, Junagadh, Gujarat","GJ, Junagadh, B/4",india,india,True,transliteration_devanagari_erasure
S1-599243489,S3-813885523,multi_match,Smart Infra,ಸ್ಮಾರ್ಟ್ ಇನ್‌ಫ್ರಾ,smart infra,,"F No-104, S R Arcade, Tulsi Theater Road, Bangalore North, Bangalore, Karnataka","F No-104, Banglore, KA",india,india,True,transliteration_devanagari_erasure
S1-435507205,S3-905615031,multi_match,"Kern, Rana and Burgess Steel",Halolum,kern rana and burgess steel,halolum,"14 Norman Place, Amherst, NY","Norman Pl, Bffalo, New York",us,us,True,dba_trade_name_or_different
S1-591679322,S3-841139387,multi_match,Viex LLC,LLC Vmeix,viex llc,llc vmeix,"624 Midvale Avenue, Hempstead, NY","Midvale Ave, East Meadow, New York",us,us,True,word_overlap_below_threshold
S1-384629517,S2-741285396,multi_match,Dynamic Business Pvt Ltd,डायनामिक बिजनेस प्रा. लि.,dynamic business pvt ltd,,"H. No. 32/A, W. No. 7, Chandak Kothi, Subhash Road, Ganeshpeth, Nagpur, Maharashtra","H. NO. 0032/A, NAGPUR, महाराष्ट्र",india,india,True,transliteration_devanagari_erasure
S1-531251931,S3-741013474,multi_match,Red Foundation Private Limited,रेड फाउंडेशन प्राइवेट लिमिटेड,red foundation pvt ltd,,"109, Ground Floor, Shakti Khand 1St Indirapuram, Ghaziabad, Uttar Pradesh","09, Ghaziabad, UP",india,india,True,transliteration_devanagari_erasure
S1-681186119,S2-701384396,multi_match,Supreme Builders Private Limited,ಸುಪ್ರೀಮ್ ಬಿಲ್ಡರ್ಸ್ ಪ್ರೈವೇಟ್ ಲಿಮಿಟೆಡ್,supreme builders pvt ltd,,"1St Main Road Svg Nagar, Mudalpalya, No.7, Karnataka, Bangalore","NO.7, BANGALORE, ಕರ್ನಾಟಕ",india,india,True,transliteration_devanagari_erasure
S1-681186119,S3-977148846,multi_match,Supreme Builders Private Limited,ಸುಪ್ರೀಮ್ ಬಿಲ್ಡರ್ಸ್ ಪ್ರೈವೇಟ್ ಲಿಮಿಟೆಡ್,supreme builders pvt ltd,,"1St Main Road Svg Nagar, Mudalpalya, No.7, Karnataka, Bangalore","H.no 7, Bangalore, KA",india,india,True,transliteration_devanagari_erasure
S1-709868834,S2-89064330,multi_match,Innovative Products,ઇનોવેટિવ પ્રોડક્ટ્સ,innovative products,,"Plot No-998, Road No-87, G.I.D.C Sachin, Chorasi, Surat, Gujarat","PLOT NO-1000, SURAT, ગુજરાત",india,india,True,transliteration_devanagari_erasure
S1-709868834,S2-33540713,multi_match,Innovative Products,ઇનોવેટિવ પ્રોડક્ટ્સ,innovative products,,"Plot No-998, Road No-87, G.I.D.C Sachin, Chorasi, Surat, Gujarat","SURAT, ગુજરાત, PLOT NO-1000, SURAT",india,india,True,transliteration_devanagari_erasure
S1-393372459,S2-957326570,multi_match,Dynamic Care Private Limited,ಡೈನಾಮಿಕ್ ಕೇರ್ ಪ್ರೈವೇಟ್ ಲಿಮಿಟೆಡ್,dynamic care pvt ltd,,"Ft3, Cts No.4876/46/A2, 4876/46/A3R.S.No.1386/1, 1386/6 Jadhav Nagar, Belgaum, Karnataka","BELAGAVI, BELGAVI, FT003, Karnataka",india,india,True,transliteration_devanagari_erasure
S1-754848398,S3-301588506,multi_match,Alpha Finance Private Limited,अल्फा फाइनेंस प्राइवेट लिमिटेड,alpha finance pvt ltd,,"25, Aruna Nagar Etah, Etah, Uttar Pradesh","2-5, Mumbai, Etah, UP",india,india,True,transliteration_devanagari_erasure
S1-865343278,S3-16968075,multi_match,Anand Producer LLP,આનંદ પ્રોડ્યુસર એલએલપી,anand producer llp,,"Plot No.2, Sumangalam Co Op Society, Bodakdev, Ahmedabad, Gujarat","Ahmedabad, GJ, H.no 2., Ahmedabad",india,india,True,transliteration_devanagari_erasure
S1-822783100,S2-848095308,single_match,Hitech Developers Private Limited,हाईटेक डेवलपर्स प्राइवेट लिमिटेड,hitech developers pvt ltd,,"D-16, First Floor, Above Icici Bank Prashant Vihar, Delhi, North West Delhi, Delhi","D-16, ROHINI SEC, दिल्ली",india,india,True,transliteration_devanagari_erasure
S1-736158605,S3-906253279,multi_match,Brinkman's Diagnostics,Wexnovi,brinkman s diagnostics,wexnovi,"4127 Howcher Street, Houston, TX","04127 Howcher Street, Houstton, Texas",us,us,True,dba_trade_name_or_different
S1-922476857,S3-560911810,multi_match,Creative Food Private Limited,ક્રિએટિવ ફૂડ પ્રાઇવેટ લિમિટેડ,creative food pvt ltd,,"32, First Floor, Krishnacomplex Radhanpur Char Rasta, Mehsana, Mahesana, Gujarat","3-2, Mahesana, null, GJ",india,india,True,transliteration_devanagari_erasure
S1-922476857,S2-168470594,multi_match,Creative Food Private Limited,ક્રિએટિવ ફૂડ પ્રાઇવેટ લિમિટેડ,creative food pvt ltd,,"32, First Floor, Krishnacomplex Radhanpur Char Rasta, Mehsana, Mahesana, Gujarat","RAKSA, ગુજરાત, 32",india,india,True,transliteration_devanagari_erasure
S1-370096305,S3-798593719,multi_match,Real Technology Private Limited,रियल टेक्नोलॉजी प्राइवेट लिमिटेड,real technology pvt ltd,,"4, Swami Jayramdas Shopping Centre, R. C. Coloney, Chembur, Mumbai, Maharashtra","4, Mumbai, MH",india,india,True,transliteration_devanagari_erasure
S1-514443670,S3-287407029,multi_match,Red Estate Private Limited,रेड एस्टेट प्राइवेट लिमिटेड,red estate pvt ltd,,"Flat No. 7, Raj Heritage, S.No 78/4/5, Plot 33, Bhusari Colony, Kothrud, Pune, Maharashtra","Flat No. 7, Pune, महाराष्ट्र",india,india,True,transliteration_devanagari_erasure
S1-29617868,S3-92391037,multi_match,Bright Builders Private Limited,ब्राइट बिल्डर्स प्राइवेट लिमिटेड,bright builders pvt ltd,,"Ghaziabad, Near Vasant Cinema Nehru Nagar, 2B/2, Ghaziabad, Uttar Pradesh","Ghaziabad, B/2, उत्तर प्रदेश",india,india,True,transliteration_devanagari_erasure
S1-29617868,S3-447599084,multi_match,Bright Builders Private Limited,Drexnex,bright builders pvt ltd,drexnex,"Ghaziabad, Near Vasant Cinema Nehru Nagar, 2B/2, Ghaziabad, Uttar Pradesh","B/2, Ghaziabad, उत्तर प्रदेश",india,india,True,address_numeric_match
S1-64625614,S3-46702205,multi_match,One Technology Private Limited,વન ટેક્નોલોજી પ્રાઇવેટ લિમિટેડ,one technology pvt ltd,,"A 5, Gujarat, Iris Sky Bunglows, Opp Lohana Samaj Wadi, Valsad","A 5, Valsad, ગુજરાત",india,india,True,transliteration_devanagari_erasure
S1-718414667,S2-868500987,multi_match,Hari Supreme Foods Private Limited,हरि सुप्रीम फूड्स प्राइवेट लिमिटेड,hari supreme foods pvt ltd,,"F, Plot No. 266/A, Bhawani Peth, Pune, Maharashtra","F, PUNE, महाराष्ट्र",india,india,True,transliteration_devanagari_erasure
S1-581830098,S3-796620703,multi_match,White Trading Limited,व्हाइट ट्रेडिंग लिमिटेड,white trd ltd,,"Shop No. 144, Narayan, Dhuri Chawl, S.V Road, Mumbai, Maharashtra","Shop No. 44, Mumbai, महाराष्ट्र",india,india,True,transliteration_devanagari_erasure
S1-414470632,S3-777956392,multi_match,Gold Hospital,Go1d Services,gold hospital,go1d svc,"H. No. 324/2, Madhya Pradesh, Chhindwara, Ward No.07, Shrivastav Colony","#24/2, Chhindwara, MP",india,india,True,address_numeric_match
S1-859166824,S3-615504258,multi_match,Shiva Healthcare Private Limited,শিব হেলথকেয়ার প্রাইভেট লিমিটেড,shiva healthcare pvt ltd,,"4, Liluah Station Road, Flat-302, 3Rd Floor Gajanan Apartment, Howrah, West Bengal","Plot 875 4, Howrah, পশ্চিমবঙ্গ",india,india,True,transliteration_devanagari_erasure
S1-45647926,S2-979967760,multi_match,Anand Infra Limited,ആനന്ദ് ഇൻഫ്ര ലിമിറ്റഡ്,anand infra ltd,,"C 4, Thejaswini Building Technopark Campus, Kariavattom, Thiruvananthapuram, Thiruvananthapuram, Trivandrum, Kerala","TRIVANDRUM, കേരളം, TRIVANDRUM, C 4",india,india,True,transliteration_devanagari_erasure
S1-86415623,S2-37134877,multi_match,Balaji Projects Private Limited,ಬಾಲಾಜಿ ಪ್ರಾಜೆಕ್ಟ್ಸ್ ಪ್ರೈವೇಟ್ ಲಿಮಿಟೆಡ್,balaji projects pvt ltd,,"No-03, 2Nd Cross, Drc Post Chikka Adugodi, Bangalore, Karnataka","BANGALORE, NO-2, BANGALORE, ಕರ್ನಾಟಕ",india,india,True,transliteration_devanagari_erasure
S1-786343417,S3-131241515,multi_match,U 7 W Steers,U 7,u 7 w steers,u 7,"434 Park 800 Drive, Greenwood, IN",,us,us,True,missing_address
S1-53740303,S2-867165608,multi_match,Shree Builders Private Limited,श्री बिल्डर्स प्राइवेट लिमिटेड,shree builders pvt ltd,,"Unit-924, Tower-B, Dlf Tower, Jasola, New Delhi, Delhi, South Delhi, Delhi","दिल्ली, DELHI, HN 610 UNIT-294, N/A",india,india,True,transliteration_devanagari_erasure
S1-894516756,S3-890059858,multi_match,Jai Management Limited,जय मैनेजमेंट लिमिटेड,jai management ltd,,"Plot No.7, Sector-7B, North Avenue, Reliance City Village, Sondhi, Jhajjar, Jhajjar, Haryana","Plot No.7, Jhajjar, HR",india,india,True,transliteration_devanagari_erasure
S1-213545579,S2-249882359,multi_match,Good Shiva International LLP,गुड शिवा इंटरनेशनल एलएलपी,good shiva intl llp,,"101, Vishkarma Ind Park Shed No. 62 Pali Bhankari Road, Bhankari, Faridabad, Haryana","01, FARIDABAD, हरियाणा",india,india,True,transliteration_devanagari_erasure
S1-2458956,S3-247789726,multi_match,N+ Otg Inc.,N+ 0tg,n otg inc,n 0tg,"1268 Buenos Aires, AZ, Sahuarita",,us,us,True,missing_address
S1-279956352,S3-571130164,multi_match,Sonia Agro Pvt. Ltd.,Miraorbi,sonia agro pvt ltd,miraorbi,"D.No, 8/10, 3Rd Floor, Golden Treasure Apts, Poonamallee, Tiruvallur, Tamil Nadu","Maduravayal, TN, Tiruvallur, D.no",india,india,True,dba_trade_name_or_different
S1-374446713,S2-16285983,multi_match,Shyam Media,શ્યામ મીડિયા,shyam media,,"4Th Floor, Mruduna Sadan Pratap Road, Vadodara, Gujarat","NO 04TH FLOOR, VADODARA, ગુજરાત",india,india,True,transliteration_devanagari_erasure
S1-614231416,S3-117404942,multi_match,Chrome Institute,-- Lyrabelo,chrome institute,lyrabelo,"201, Sapphire Annexe, M. G. Road, Ghatkopar (E), Mumbai, Maharashtra","01, Greater Mumbai, Mumbai, MH",india,india,True,dba_trade_name_or_different
S1-61162509,S2-631754376,multi_match,Golden It Pvt Ltd,ଗୋଲଡେନ୍ ଆଇଟି ପ୍ରାଇଭେଟ୍ ଲିମିଟେଡ୍,golden it pvt ltd,,"Plot No-641(G.A), Kalinga Nagar, Bhubaneswar, Khordha, Orissa","PLOT NO-00641(G.A), KHANDAGIRI, Odisha",india,india,True,transliteration_devanagari_erasure
S1-27691399,S3-196062445,multi_match,Hari Properties Private Limited,ஹரி புராப்பர்ட்டீஸ் Private Limited,hari properties pvt ltd,pvt ltd,"Tamil Nadu, Plot No.6, K V K Nagar, Iaf Road, Selaiyur, Chennai","Plot No.6, Chennai, TN",india,india,True,address_numeric_match
S1-311705985,S2-204484517,multi_match,Ram Marketing Private Limited,ராம் மார்க்கெட்டிங் பிரைவேட் லிமிடெட்,ram marketing pvt ltd,,"No 1, Sterling Road, Niagara Apartments, Chennai, Tamil Nadu","1, CHENNAI, தமிழ்நாடு",india,india,True,transliteration_devanagari_erasure
S1-814360532,S3-570040865,multi_match,Beia,8eia,beia,8eia,"3118 100th Street, Lubbock, TX","3326 100rd St, Lubbck, Texas",us,us,True,acronym_short_name
S1-814360532,S3-920709575,multi_match,Beia,Blohia,beia,blohia,"3118 100th Street, Lubbock, TX","Lubbokc CITY, Texas, 03118 100th Street",us,us,True,acronym_short_name
S1-100212860,S3-182996991,multi_match,Life Management Limited,लाइफ मैनेजमेंट लिमिटेड,life management ltd,,"Hisar, Ext. Adarsh Shoping Center, Near Khan Furniture, Azad Nagar, Gangwa Road, E-6, Haryana, Hisar","E-g-6, Hisar, Hissar, HR",india,india,True,transliteration_devanagari_erasure
S1-240928419,S3-167609863,multi_match,Classic Infra Pvt Ltd,ক্লাসিক ইনফ্রা প্রাইভেট লিমিটেড,classic infra pvt ltd,,"1/2, Lord Sinha Road, 6Th Floor, Kolkata, Kolkata, Howrah, West Bengal","1/2/1, Kolkatta, Howrah, WB",india,india,True,transliteration_devanagari_erasure
S1-857793021,S2-617199875,multi_match,Fortune Estate Pvt Ltd,ఫార్చూన్ ఎస్టేట్ ప్రైవేట్ లిమిటెడ్,fortune estate pvt ltd,,"Plot No:6, Rajappa Nagar Vanasthalipuram, Hyderabad, Telangana","PLOT NO:6, HYDERABAD, తెలంగాణ",india,india,True,transliteration_devanagari_erasure
S1-75029705,S3-298340738,multi_match,Sree Industries Private Limited,ಶ್ರೀ ಇಂಡಸ್ಟ್ರೀಸ್ ಪ್ರೈವೇಟ್ ಲಿಮಿಟೆಡ್,sree ind pvt ltd,,"No.6, Basement Floor, A1 Block, 1St Main, Mysore, Karnataka","No.6, Mysore, KA",india,india,True,transliteration_devanagari_erasure
S1-283470832,S3-723726250,multi_match,Sky Trading Private Limited,Privatetradingsky.Com,sky trd pvt ltd,privatetradingsky com,"Flat No. A-1, Vaisali Apartments, No. 17/22, Dr. Nair Road, T Nagar, Chennai, Tamil Nadu","Flat No. A-a-1, Chennai, TN",india,india,True,address_numeric_match
S1-283470832,S2-320989774,multi_match,Sky Trading Private Limited,ஸ்கை டிரேடிங் பிரைவேட் லிமிடெட்,sky trd pvt ltd,,"Flat No. A-1, Vaisali Apartments, No. 17/22, Dr. Nair Road, T Nagar, Chennai, Tamil Nadu","CHENNAI, HN 158 FLAT NO. A-1, தமிழ்நாடு, CHENNAI",india,india,True,transliteration_devanagari_erasure
S1-410006754,S3-836760925,multi_match,One Jain Investment Private Limited,वन जैन इन्वेस्टमेंट प्राइवेट लिमिटेड,one jain investment pvt ltd,,"Ratna Sikha, 1-2, Jaipur, Rajasthan, Jaipur","1-2, Jaipur, राजस्थान",india,india,True,transliteration_devanagari_erasure
S1-351086218,S3-115457645,multi_match,Equinox,Yumakelo,equinox,yumakelo,"10835 Pitch Circle, MD, Monrovia","0835 Pitch Cir, PO Box 5884, Monrvia, Maryland",us,us,True,dba_trade_name_or_different
S1-201391135,S2-958628536,multi_match,Galaxy Software Private Limited,गैलेक्सी सॉफ्टवेयर प्राइवेट लिमिटेड,galaxy software pvt ltd,,"Plot No 8, Maharashtra, Aurangabad, S.No. 76/1, Jyotiba Nagar, Mit College, Road Satara Parisar, Aurangabad","AURANGABAD, महाराष्ट्र, PLOT NO 8",india,india,True,transliteration_devanagari_erasure
S1-795579425,S3-86329432,multi_match,Urban It Private Limited,ಅರ್ಬನ್ ಐಟಿ ಪ್ರೈವೇಟ್ ಲಿಮಿಟೆಡ್,urban it pvt ltd,,"No.3/2, Swadeshi Towers, Rest House Road, Off Brigade Road, Bangalore, Karnataka","KA, Bangalore, H.no 3/2, Bangalore",india,india,True,transliteration_devanagari_erasure
S1-197059099,S2-212569319,multi_match,Bharat Projects Pvt Ltd,भारत प्रोजेक्ट्स प्रा. लि.,bharat projects pvt ltd,,"Satara, Adwait Aprtment Visawa Park, Godoli, Satara, Maharashtra, F.F-4, Satara","F.F-004, SATARA, महाराष्ट्र",india,india,True,transliteration_devanagari_erasure
S1-411014044,S2-596833260,multi_match,Green Green Exports Private Limited,ಗ್ರೀನ್ ಗ್ರೀನ್ ಎಕ್ಸ್‌ಪೋರ್ಟ್ಸ್ ಪ್ರೈವೇಟ್ ಲಿಮಿಟೆಡ್,green green exports pvt ltd,,"1, 12Th Cross, Ideal Home Township Jayanna Circle, Raj Rajeshwari Nagar, Bengaluru, Bangalore, Karnataka","BANGALORE, ಕರ್ನಾಟಕ, 1",india,india,True,transliteration_devanagari_erasure
S1-9225030,S2-987229328,multi_match,My Global Private Limited,માય ગ્લોબલ પ્રાઇવેટ લિમિટેડ,my global pvt ltd,,"11, Parthbanglows, Nr. Shantiniketan, Patan, Patan, Gujarat","0011, NULL, PATAN, ગુજરાત",india,india,True,transliteration_devanagari_erasure
S1-124356489,S3-515670143,multi_match,Quartz LLC,Fayearia,quartz llc,fayearia,"332 Ozan Avenue, Prescott, AR","33 Ozan Ave, Presctot, Arkansas",us,us,True,dba_trade_name_or_different
S1-478852390,S3-947513030,multi_match,Bharat Developers Private Limited,ಭಾರತ್ ಡೆವಲಪರ್ಸ್ ಪ್ರೈವೇಟ್ ಲಿಮಿಟೆಡ್,bharat developers pvt ltd,,"Sukh Sagar Mall 5Th Main Road, Gandhi Nagar, Bangalore, Karnataka, Bangalore, Door No.Gf-3","Bengaluru, KA, Dor No.gf-3",india,india,True,transliteration_devanagari_erasure
S1-207185317,S3-843421492,multi_match,Indo Tech Private Limited,इंडो टेक प्राइवेट लिमिटेड,indo tech pvt ltd,,"4Th Floor, B 405, Trade, World, Lower Parel (W), Mumbai, Maharashtra","H.no ##4Th Floor, Bombay, MH",india,india,True,transliteration_devanagari_erasure
S1-815990132,S2-89013553,multi_match,Big Finance Private Limited,बिग फाइनेंस प्राइवेट लिमिटेड,big finance pvt ltd,,"Maharashtra, Shriram Villa, Pl No 188 Bhusari Colony, Sr No 96/2, Kothrud, Fl No 8, Pune","FL NO 8, महाराष्ट्र, POONA, PUNE",india,india,True,transliteration_devanagari_erasure
S1-258287518,S2-68267800,multi_match,Hitech Software Private Limited,हाईटेक सॉफ्टवेयर प्राइवेट लिमिटेड,hitech software pvt ltd,,"Maharashtra, Mumbai, Parinee I, Unit No. 2612, Oppo. Yashraj Studio, 7-A Shah Industrial Estate, Andheri West, Mumbai","PARIEE I, null, BOMBAY, MUMBAI, महाराष्ट्र",india,india,True,transliteration_devanagari_erasure
S1-637942108,S3-166245537,multi_match,Vijay Healthcare,विजय हेल्थकेयर,vijay healthcare,,"Shop No. 7, Opp. Hp Petrol Pump Jattal Road, Panipat, Haryana","Shop No. 7, Panipat, हरियाणा",india,india,True,transliteration_devanagari_erasure
S1-815294523,S3-187487274,multi_match,Swastik Solutions Private Limited,स्वस्तिक सॉल्यूशंस प्राइवेट लिमिटेड,swastik sol pvt ltd,,"North Delhi, E-4, Main 33 Ft Road, Gali No. 13 Dayal Pur Extn., Delhi","E-04, N/A, Delhi, DL",india,india,True,transliteration_devanagari_erasure
S1-301707272,S2-914970602,multi_match,Sai Tech Limited,साईं टेक लिमिटेड,sai tech ltd,,"N-4, Nandan Vihar, Sanganer, Mahal, Jaipur, Rajasthan","N-4/2, JAIPUR, राजस्थान",india,india,True,transliteration_devanagari_erasure
S1-398503001,S3-53043216,multi_match,Ridgeline,Rielne,ridgeline,rielne,"199 Daviston Street, Springfield, MA","199 Daivston St, Sringfield Township, Massachusetts",us,us,True,address_numeric_match
S1-414124401,S2-984729069,multi_match,Best Technology Private Limited,बेस्ट टेक्नोलॉजी प्राइवेट लिमिटेड,best technology pvt ltd,,"G1, Marvel Memories Chs, Ramnagar Colony Nda Pashan Road, Ps-Bavdhan, Pune, Maharashtra","G001, PUNE, महाराष्ट्र",india,india,True,transliteration_devanagari_erasure
S1-447967652,S3-404896026,multi_match,Dfc Tours Pvt. Ltd.,Onyxcaloorbi,dfc tours pvt ltd,onyxcaloorbi,"# 1/1, 4Th Cross, Maruthinagar, Madiwala Ex Madivala, Bangalore South, Bangalore, Karnataka","# 1, Bangalore Rural, ಕರ್ನಾಟಕ",india,india,True,address_numeric_match
S1-399343839,S3-218354543,multi_match,Capital Select Oceanhawk LLC,Novikeloarc,capital select oceanhawk llc,novikeloarc,"6401 183, Austin, TX","006401 183, Austn, Texas",us,us,True,address_numeric_match
S1-746684377,S3-222281532,multi_match,High Classic Foods Private Limited,హై క్లాసిక్ ఫుడ్స్ ప్రైవేట్ లిమిటెడ్,high classic foods pvt ltd,,"Flat No 102, Padma Colony, H. No 1-8-677/15/B/C/D, Musheerabad, Hyderabad, Telangana","Flat No 10, Hyderabad, Andhra Pradesh",india,india,True,transliteration_devanagari_erasure
S1-766958779,S3-468991998,multi_match,Bombay Engineering Limited,बॉम्बे इंजीनियरिंग लिमिटेड,bombay engineering ltd,,"Flat No 2, Saikripa Appt S.T. Colony, Gangapur Road, Nashik, Maharashtra","Nashik, 2, Nashik, MH",india,india,True,transliteration_devanagari_erasure
S1-641783627,S2-917550940,multi_match,Star Consultants,स्टार कंसल्टेंट्स,star consultants,,"Plot No. 1, Ward No. 1, Bhopal Road, Shakti Nagar, Huzur, Bhopal, Madhya Pradesh","DOOR NO 1, BHOPAL, RAISEN, मध्य प्रदेश",india,india,True,transliteration_devanagari_erasure
S1-444838698,S2-965838145,multi_match,Dynamic Jay Management,ಡೈನಾಮಿಕ್ ಜಯ್ ಮ್ಯಾನೇಜ್‌ಮೆಂಟ್,dynamic jay management,,"No. 7, G Fl, 19Th Cross, 20Th Main Sms Layout, J.P. Nagar, 5Th Phase, Bangalore, Karnataka","NO. 7, BANGALORE, ಕರ್ನಾಟಕ",india,india,True,transliteration_devanagari_erasure
S1-801826068,S2-142478257,multi_match,Krishna Properties Private Limited,कृष्ण प्रॉपर्टीज प्राइवेट लिमिटेड,krishna properties pvt ltd,,"C/4, 4Th Flr., C Wing, Aditya Chsl, Plot No. 18, Samarth Ramdas Marg, Jvpd Scheme, Vile P, Arle (W), Mumbai, Maharashtra","महाराष्ट्र, MUMBAI, C/4",india,india,True,transliteration_devanagari_erasure
S1-789664489,S3-149037999,multi_match,Hotel Marketing Private Limited,होटल मार्केटिंग प्राइवेट लिमिटेड,hotel marketing pvt ltd,,"82 Floor 8, Madhuli Apartment, Dr Annie Besant, Road, Nehru Center, Mumbai, Maharashtra","Floor 8, Mumbai, MH",india,india,True,transliteration_devanagari_erasure
S1-756676975,S3-337779666,multi_match,Hari Global Private Limited,हरि ग्लोबल प्राइवेट लिमिटेड,hari global pvt ltd,,"Lucknow, 564, 565, 566 Barigawan, Kp Road, Uttar Pradesh","0564, Lucknow, UP",india,india,True,transliteration_devanagari_erasure
S1-264413605,S2-603513827,multi_match,Alpha Power Private Limited,अल्फा पावर प्राइवेट लिमिटेड,alpha power pvt ltd,,"Flat No. M-17, Huda Sector-4 Extn, Rohtak, Haryana","FLAT NO. M-47, ROHTAK, हरियाणा",india,india,True,transliteration_devanagari_erasure
S1-997572423,S3-860016439,multi_match,Bombay White Investment Private Limited,பம்பாய் வொயிட் இன்வெஸ்ட்மெண்ட் பிரைவேட் லிமிடெட்,bombay white investment pvt ltd,,"Coimbatore, 241, Singarampalayam, Sharanalayam, Kinathukadav, Tamil Nadu, No.221, Coimbatore","Door No 22, Coimbatore, TN",india,india,True,transliteration_devanagari_erasure
S1-847697705,S2-206037617,multi_match,Sunrise Hospitality Limited,सनराइज हॉस्पिटैलिटी लिमिटेड,sunrise hospitality ltd,,"Shop No.1 &2, Chameli Wala Market, Opp.Rashtradoot Press, M.I.Road, Jaipur, Rajasthan","SHOP NO.1 &2, JAIPUR, M.I.ROAD, राजस्थान",india,india,True,transliteration_devanagari_erasure
S1-94302422,S3-906683840,multi_match,URF Total Can PC,Utcan.Com,urf total can pc,utcan com,"4607 Verona Road, City Of Madison, WI","Verona Rd, Madion, Wisconsin",us,us,True,spelling_variation
S1-896151598,S3-981743621,multi_match,Prime Arihant Tech Private Limited,প্রাইম অরিহন্ত টেক প্রাইভেট লিমিটেড,prime arihant tech pvt ltd,,"109/2/1, Hazra Road, Kolkata Hazra Road Ground Floor, Kolkata, Kolkata, Howrah, West Bengal","WB, Aniya, 109/2/1/9",india,india,True,transliteration_devanagari_erasure
S1-896151598,S3-366391850,multi_match,Prime Arihant Tech Private Limited,প্রাইম অরিহন্ত টেক প্রাইভেট লিমিটেড,prime arihant tech pvt ltd,,"109/2/1, Hazra Road, Kolkata Hazra Road Ground Floor, Kolkata, Kolkata, Howrah, West Bengal","109/2/1/9, Aniya, WB",india,india,True,transliteration_devanagari_erasure
S1-583892056,S2-568106000,multi_match,Om Om Systems Private Limited,ওম ওম সিস্টেমস প্রাইভেট লিমিটেড,om om systems pvt ltd,,"43/A/1, Serampur Uttarpara, West Bengal, S. C. Deb Lane, Konnagar Lp 53/3, Hooghly","3/A/1, পশ্চিমবঙ্গ, HOOGHLY",india,india,True,transliteration_devanagari_erasure
S1-235738254,S3-851379768,single_match,Alpha Trading Private Limited,ಆಲ್ಫಾ ಟ್ರೇಡಿಂಗ್ ಪ್ರೈವೇಟ್ ಲಿಮಿಟೆಡ್,alpha trd pvt ltd,,"Flat 1202, Wing 3, Bren Imperial, Shubh Enclave Harlur Road, Bangalore, Karnataka","53 Flat 1202, KA, Agara",india,india,True,transliteration_devanagari_erasure
S1-215304589,S3-508882955,multi_match,Bharat Healthcare Private Limited,भारत हेल्थकेयर प्राइवेट लिमिटेड,bharat healthcare pvt ltd,,"Plot No. 6 B, Padmavati Palace, Near Mla Guest House, Matiyari Chauraha, Chinhat., Uttar Pradesh, Office No. G-2, Lucknow","Offie No. G-2/7, Lucknow, उत्तर प्रदेश",india,india,True,transliteration_devanagari_erasure
S1-364935576,S2-987414389,multi_match,Krishna Laxmi Agro LLP,ಕೃಷ್ಣ ಲಕ್ಷ್ಮಿ ಅಗ್ರೋ ಎಲ್ಎಲ್‌ಪಿ,krishna laxmi agro llp,,"Flat No 015, Ghataprabha Block, Khb Heritage, Jakeri Honda, Hukkeri, Belagaum, Belgaum, Karnataka","FLAT NO 00015, NORTH KARNATAKA REGION, Karnataka",india,india,True,transliteration_devanagari_erasure
S1-479191428,S3-379356519,multi_match,Tech Healthcare Private Limited,ಟೆಕ್ ಹೆಲ್ತ್‌ಕೇರ್ ಪ್ರೈವೇಟ್ ಲಿಮಿಟೆಡ್,tech healthcare pvt ltd,,"No 74, Mass Complex, Sarakki Industrial Area, Bangalore South, Bangalore, Karnataka","074, Bangalore, ಕರ್ನಾಟಕ",india,india,True,transliteration_devanagari_erasure
S1-479191428,S3-556713512,multi_match,Tech Healthcare Private Limited,ಟೆಕ್ ಹೆಲ್ತ್‌ಕೇರ್ ಪ್ರೈವೇಟ್ ಲಿಮಿಟೆಡ್,tech healthcare pvt ltd,,"No 74, Mass Complex, Sarakki Industrial Area, Bangalore South, Bangalore, Karnataka","#074, Bangalore, KA",india,india,True,transliteration_devanagari_erasure
S1-282546710,S3-968626699,multi_match,Lotus Solutions Pvt Ltd,ಲೋಟಸ್ ಸೊಲ್ಯೂಷನ್ಸ್ ಪ್ರೈವೇಟ್ ಲಿಮಿಟೆಡ್,lotus sol pvt ltd,,"No.2, Bangalore, Karnataka, 2Nd Floor, Srinivasa Nilaya, 6Th Cross, Annappa Reddy Layout, R M Nagar, Bangalore","No.02, Bengaluru, Bangalore, KA",india,india,True,transliteration_devanagari_erasure
S1-937065804,S2-934223892,multi_match,Ram Food Private Limited,राम फूड प्राइवेट लिमिटेड,ram food pvt ltd,,"Room No.8, Ground Floor, Plot No.164A, Parnakuti Bld Dr.Ambedkar Road, Dadar(East)., Mumbai, Mumbai City, Maharashtra","ROOM NO.8, MUMBAI, महाराष्ट्र",india,india,True,transliteration_devanagari_erasure
S1-260685908,S3-455041525,multi_match,Fortune Consultancy Limited,ఫార్చూన్ కన్సల్టెన్సీ లిమిటెడ్,fortune consultancy ltd,,"P.No-986, 987, Sa Society, Ayyappa Society, Shaikpet, Hyderabad, Telangana","P.no-a-986, తెలంగాణ, Serilingampalli",india,india,True,transliteration_devanagari_erasure
S1-520632302,S3-512152250,multi_match,Pediatric Dentistry Medicine Inc,Iriarconyx,pediatric dentistry medicine inc,iriarconyx,"WI, Town Of Auburn, 20556 70th Street","70th St, Blooomer, Wisconsin",us,us,True,address_numeric_match
S1-68967417,S3-244505788,multi_match,Indo Projects Private Limited,ਇੰਡੋ ਪ੍ਰੋਜੈਕਟਸ ਪ੍ਰਾਈਵੇਟ ਲਿਮਟਿਡ,indo projects pvt ltd,,"Z, Kamal Cinema Road, Bathinda, Punjab","Z-00302117, Bathinda, PB",india,india,True,transliteration_devanagari_erasure
S1-189736120,S2-870663726,multi_match,Life International Private Limited,ಲೈಫ್ ಇಂಟರ್‌ನ್ಯಾಷನಲ್ ಪ್ರೈವೇಟ್ ಲಿಮಿಟೆಡ್,life intl pvt ltd,,"No.5, 1St Floor, Venkataswamireddy Building Opp Govt Hospital, N G R Layout Roopena, Agrahara, Bangalore, Karnataka","DOOR NO 5, BANGALORE, ಕರ್ನಾಟಕ",india,india,True,transliteration_devanagari_erasure
S1-169333621,S2-406355548,multi_match,Big Infra Private Limited,बिग इंफ्रा प्राइवेट लिमिटेड,big infra pvt ltd,,"Shop No. S-4, Second Floor, Destination Center - 1 Sinhagad Road, Nanded City, Pune, Maharashtra","PLOT 98 SHOP NO. S-4, POONA, PUNE, महाराष्ट्र",india,india,True,transliteration_devanagari_erasure
S1-242710153,S3-541318487,multi_match,Om Tech Private Limited,ओम टेक प्राइवेट लिमिटेड,om tech pvt ltd,,"B-2, Gda, Market Shastri Nagar, Ghaziabad, Uttar Pradesh","B-2., Lucknow Hq Region, UP",india,india,True,transliteration_devanagari_erasure
S1-242710153,S3-308870453,multi_match,Om Tech Private Limited,ओम टेक प्राइवेट लिमिटेड,om tech pvt ltd,,"B-2, Gda, Market Shastri Nagar, Ghaziabad, Uttar Pradesh","B-2., Lucknow Hq Region, UP",india,india,True,transliteration_devanagari_erasure
S1-242710153,S3-748983532,multi_match,Om Tech Private Limited,ओम टेक प्राइवेट लिमिटेड,om tech pvt ltd,,"B-2, Gda, Market Shastri Nagar, Ghaziabad, Uttar Pradesh","B-2., Lucknow Hq Region, उत्तर प्रदेश",india,india,True,transliteration_devanagari_erasure
S1-98863336,S3-836558349,multi_match,Vision Enterprises Private Limited,विजन एंटरप्राइजेज प्राइवेट लिमिटेड,vision ent pvt ltd,,"House No. 524, Ward No. 21, Sai Colony, Teh. Surajgarh, Pilani, Jhunjhunun, Rajasthan","House No. 24, Jhujhunu, Jhunjhunun, RJ",india,india,True,transliteration_devanagari_erasure
S1-307921462,S3-560456657,multi_match,Sharai Kesler Regional Strategies,Orbicalo,sharai kesler regional strategies,orbicalo,"4602 Canoga Street, Unit UNIT D, Montclair, CA","4598 Canoga Street, # UNIT D, Montclaair, California",us,us,True,dba_trade_name_or_different
S1-904797239,S3-400358186,multi_match,Maa Media Pvt Ltd,ಮಾ ಮೀಡಿಯಾ ಪ್ರೈವೇಟ್ ಲಿಮಿಟೆಡ್,maa media pvt ltd,,"Flat-116, Kuteer Bliss Apartments Kalena Agrahara, Begur (H), Bengaluru, Bangalore, Karnataka","Flat-416, Bangalore Urban, ಕರ್ನಾಟಕ",india,india,True,transliteration_devanagari_erasure
S1-849198083,S2-617540115,multi_match,International Industries Private Limited,इंटरनेशनल इंडस्ट्रीज प्राइवेट लिमिटेड,intl ind pvt ltd,,"Shop No. 1, Ground Floor, Prestige Point, Near Chinchechi Talim, Shukrawar Peth, Pune, Maharashtra","SHOP NO. ##1, PUNE, महाराष्ट्र",india,india,True,transliteration_devanagari_erasure
S1-849198083,S3-584823936,multi_match,International Industries Private Limited,इंटरनेशनल इंडस्ट्रीज प्राइवेट लिमिटेड,intl ind pvt ltd,,"Shop No. 1, Ground Floor, Prestige Point, Near Chinchechi Talim, Shukrawar Peth, Pune, Maharashtra","No 1, Pune, MH",india,india,True,transliteration_devanagari_erasure
S1-626864883,S3-197489438,multi_match,Grand Blue PLLC,Deltawex,grand blue pllc,deltawex,"1006 Oak Street, Guthrie Center, IA","1008 Oak Street, Valley, Iowa",us,us,True,dba_trade_name_or_different
S1-736235306,S3-813225613,multi_match,Good Agro,ಗುಡ್ ಅಗ್ರೋ,good agro,,"4/1, Sankey Road, High Grounds, Bangalore, Karnataka","4/1, Bangalore, KA",india,india,True,transliteration_devanagari_erasure
S1-736235306,S3-99847849,multi_match,Good Agro,ಗುಡ್ ಅಗ್ರೋ,good agro,,"4/1, Sankey Road, High Grounds, Bangalore, Karnataka","4/1, Bangalore, KA, Bangalore",india,india,True,transliteration_devanagari_erasure
S1-736235306,S2-907414296,multi_match,Good Agro,ಗುಡ್ ಅಗ್ರೋ,good agro,,"4/1, Sankey Road, High Grounds, Bangalore, Karnataka","04/1, BANGALORE, ಕರ್ನಾಟಕ",india,india,True,transliteration_devanagari_erasure
S1-160025668,S2-90998176,multi_match,Jai Trading Private Limited,జై ట్రేడింగ్ ప్రైవేట్ లిమిటెడ్,jai trd pvt ltd,,"Flat No 204, Sri Durga Enclave Jayaprakash Nagar, Yellareddy Guda, Amee, Rpet, Hyderabad, Telangana","FLAT NO 0204, HYDERABAD, తెలంగాణ",india,india,True,transliteration_devanagari_erasure
S1-18161371,S2-954937939,multi_match,Nagpur Brokerage Private Limited,Cirariza,nagpur brokerage pvt ltd,cirariza,"Maharashtra, Nagpur, Reshimbag Samart Reshimbag, Nagpur, R-3","महाराष्ट्र, R-3, NAGPUR",india,india,True,address_numeric_match
S1-931996837,S3-317735294,multi_match,Fortune Products,ફોર્ચ્યુન પ્રોડક્ટ્સ,fortune products,,"2Nd Floor, Agrawal Complex, Agrawal Complex, C . G. Road, Navrangpur, A, Ahmedabad, Gujarat","H.no 150 Floor, Navarangpura, GJ",india,india,True,transliteration_devanagari_erasure
S1-398201557,S3-213958733,single_match,Good Technologies Pvt Ltd,गुड टेक्नोलॉजीज प्रा. लि.,good technologies pvt ltd,,"Faridabad, Gali No-5, Bharat, Colony, Hanuman Mandir, Haryana, 35Ft Rd","Rd, Faridabad, HR",india,india,True,transliteration_devanagari_erasure
S1-50906069,S2-208710369,multi_match,Jai Tech Limited,जय टेक लिमिटेड,jai tech ltd,,"Shop No.1, Plot No-316, Laxmichand Chawl Iraniwa, Hemu Kalani Rd-.2, Kandivali (W), Mumbai, Bandra Suburban, Maharashtra","MUMBAI REGION, 1, महाराष्ट्र",india,india,True,transliteration_devanagari_erasure
S1-328059225,S3-336205049,multi_match,Perfect Care Pvt Ltd,परफेक्ट केयर प्रा. लि.,perfect care pvt ltd,,"C/203, Rambha Tower Chs Ltd, Gangawadi, Lbs Marg, Ghatkopar West, Mumbai, Maharashtra","C/2-03, Mumbai, महाराष्ट्र",india,india,True,transliteration_devanagari_erasure
S1-889249087,S3-932319925,multi_match,Star International LLP,स्टार इंटरनेशनल एलएलपी,star intl llp,,"46A, New Indralok Chs Ltd, Plot-59, Old Nagardas Road, Mumbai, Maharashtra","6A, Mumbai Ii, MH",india,india,True,transliteration_devanagari_erasure
S1-732688568,S2-95873464,multi_match,Unique Hospitality Limited,யுனிக் ஹாஸ்பிடாலிட்டி லிமிடெட்,unique hospitality ltd,,"Door No.3, West End Flats, Plot No.10/3, 15Th Street, Jai Nagar, Arumbakkam, Chennai, Tamil Nadu","3, CHENNAI, தமிழ்நாடு",india,india,True,transliteration_devanagari_erasure
